Date,AAPL,PG,XOM
2020-01-02,72.79601287841797,109.08100128173828,55.63116455078125
2020-01-03,72.08829498291016,108.34736633300781,55.183921813964844
2020-01-06,72.66271209716797,108.49761962890625,55.607635498046875
2020-01-07,72.32096862792969,107.82587432861328,55.15253829956055
2020-01-08,73.48434448242188,108.2854995727539,54.32081604003906
2020-01-09,75.04520416259766,109.46990203857422,54.7366828918457
2020-01-10,75.21487426757812,109.57595825195312,54.25019454956055
2020-01-13,76.82176971435547,110.38031768798828,54.76805877685547
2020-01-14,75.78445434570312,110.21237182617188,54.29726791381836
2020-01-15,75.45966339111328,111.33493041992188,54.21096420288086
2020-01-16,76.40491485595703,111.43213653564453,53.99911880493164
2020-01-17,77.25078582763672,111.732666015625,53.79510498046875
2020-01-21,76.72727966308594,111.4498291015625,53.02615737915039
2020-01-22,77.00114440917969,111.64427947998047,52.72014617919922
2020-01-23,77.37198638916016,111.1339111328125,52.390594482421875
2020-01-24,77.14899444580078,111.26727294921875,52.037513732910156
2020-01-27,74.88040924072266,111.75631713867188,50.79777526855469
2020-01-28,76.99871826171875,112.05862426757812,50.72715377807617
2020-01-29,78.61048889160156,111.1961441040039,50.303443908691406
2020-01-30,78.49656677246094,111.98748016357422,50.83700180053711
2020-01-31,75.01614379882812,110.80492401123047,48.742008209228516
2020-02-03,74.81011199951172,111.24060821533203,47.6513557434082
2020-02-04,77.27986145019531,111.72964477539062,47.055030822753906
2020-02-05,77.91004180908203,112.75213623046875,49.22063446044922
2020-02-06,78.82135772705078,113.04554748535156,48.55369567871094
2020-02-07,77.74996185302734,112.10307312011719,48.231998443603516
2020-02-10,78.1192398071289,112.18310546875,47.72261428833008
2020-02-11,77.64791107177734,110.39591979980469,48.176273345947266
2020-02-12,79.49187469482422,109.76461791992188,48.765254974365234
2020-02-13,78.92581176757812,111.10723114013672,48.4946403503418
2020-02-14,78.94528198242188,112.1563949584961,48.271785736083984
2020-02-18,77.49971771240234,111.02721405029297,47.658931732177734
2020-02-19,78.62213897705078,111.53401947021484,48.025054931640625
2020-02-20,77.8155517578125,112.54763793945312,47.643028259277344
2020-02-21,76.05420684814453,112.65435028076172,47.062007904052734
2020-02-24,72.44158935546875,109.63125610351562,44.857337951660156
2020-02-25,69.98783874511719,107.96856689453125,43.13817596435547
2020-02-26,71.09810638427734,106.83934783935547,42.19105529785156
2020-02-27,66.45054626464844,100.91765594482422,39.6521110534668
2020-02-28,66.41165924072266,100.67760467529297,40.94147491455078
2020-03-02,72.59463500976562,106.30586242675781,42.88349914550781
2020-03-03,70.28909301757812,105.0699462890625,40.830055236816406
2020-03-04,73.54943084716797,110.6982192993164,41.721458435058594
2020-03-05,71.1637191772461,108.1463851928711,39.8829231262207
2020-03-06,70.21863555908203,108.17306518554688,37.95682144165039
2020-03-09,64.66490936279297,103.19385528564453,33.316688537597656
2020-03-10,69.32215881347656,107.18610382080078,34.55034637451172
2020-03-11,66.9145736694336,99.21941375732422,33.41218948364258
2020-03-12,60.30644226074219,90.55024719238281,29.591838836669922
2020-03-13,67.53164672851562,101.42446899414062,30.33998680114746
2020-03-16,58.84391403198242,96.4719467163086,27.450847625732422
2020-03-17,61.43128967285156,105.1322021484375,29.29734992980957
2020-03-18,59.92745590209961,104.4297866821289,26.360456466674805
2020-03-19,59.468284606933594,98.54365539550781,27.403095245361328
2020-03-20,55.692909240722656,91.07484436035156,26.058012008666992
2020-03-23,54.50975799560547,86.86920166015625,25.031286239624023
2020-03-24,59.97847366333008,91.82173919677734,28.206958770751953
2020-03-25,59.64806365966797,89.73223876953125,29.67938995361328
2020-03-26,62.78692626953125,95.4760971069336,30.897127151489258
2020-03-27,60.18740463256836,97.95683288574219,29.408775329589844
2020-03-30,61.905029296875,102.25138092041016,29.846529006958008
2020-03-31,61.77869415283203,97.80564880371094,30.220609664916992
2020-04-01,58.52808380126953,97.2099380493164,29.870405197143555
2020-04-02,59.50472640991211,101.71790313720703,32.154659271240234
2020-04-03,58.64956283569336,102.322509765625,31.207534790039062
2020-04-06,63.76599884033203,104.74986267089844,32.21037292480469
2020-04-07,63.02743911743164,100.26858520507812,32.82322311401367
2020-04-08,64.6406021118164,102.34030151367188,34.900543212890625
2020-04-09,65.10704803466797,101.94905853271484,34.327491760253906
2020-04-13,66.38495635986328,103.0960693359375,34.032997131347656
2020-04-14,69.73760223388672,107.5506820678711,33.770355224609375
2020-04-15,69.10108947753906,107.78184509277344,32.21833801269531
2020-04-16,69.650146484375,108.03080749511719,31.159772872924805
2020-04-17,68.705078125,110.8671646118164,34.39912414550781
2020-04-20,67.27900695800781,107.2305679321289,32.77546691894531
2020-04-21,65.19937896728516,106.41256713867188,32.600364685058594
2020-04-22,67.0773696899414,106.16360473632812,33.53158187866211
2020-04-23,66.81739807128906,106.87161254882812,34.582176208496094
2020-04-24,68.74638366699219,106.3166732788086,34.80502700805664
2020-04-27,68.79497528076172,105.126220703125,34.97217559814453
2020-04-28,67.67986297607422,104.62496948242188,35.791961669921875
2020-04-29,69.90283203125,104.79503631591797,37.773765563964844
2020-04-30,71.37749481201172,105.50215911865234,36.98582458496094
2020-05-01,70.22834014892578,104.56232452392578,34.335445404052734
2020-05-04,71.22200775146484,103.62249755859375,35.720333099365234
2020-05-05,72.29096221923828,103.8373031616211,35.68053436279297
2020-05-06,73.03680419921875,101.23265838623047,35.0119743347168
2020-05-07,73.79236602783203,100.40023040771484,35.2109489440918
2020-05-08,75.54876708984375,103.78361511230469,36.7550048828125
2020-05-11,76.73753356933594,103.21076965332031,36.40481185913086
2020-05-12,75.86055755615234,102.530517578125,35.79630661010742
2020-05-13,74.9446029663086,101.96662139892578,34.019474029541016
2020-05-14,75.40502166748047,101.8681411743164,34.319664001464844
2020-05-15,74.95921325683594,102.5842056274414,34.076255798339844
2020-05-18,76.72534942626953,104.01630401611328,36.786128997802734
2020-05-19,76.28201293945312,100.64190673828125,35.65026092529297
2020-05-20,77.76554870605469,101.39376831054688,36.81047821044922
2020-05-21,77.1857681274414,99.90795135498047,36.15329360961914
2020-05-22,77.68272399902344,100.78512573242188,36.185733795166016
2020-05-26,77.15653991699219,100.2749252319336,37.248600006103516
2020-05-27,77.49269104003906,101.93975830078125,37.51633834838867
2020-05-28,77.52681732177734,103.88204956054688,36.54273986816406
2020-05-29,77.4512939453125,103.75675201416016,36.89161682128906
2020-06-01,78.40379333496094,104.94719696044922,37.54879379272461
2020-06-02,78.7667465209961,105.6722183227539,38.38447570800781
2020-06-03,79.20037078857422,106.0928955078125,39.95035934448242
2020-06-04,78.51828002929688,103.87312316894531,39.836769104003906
2020-06-05,80.75454711914062,105.91386413574219,43.065914154052734
2020-06-08,81.23200988769531,106.55833435058594,44.41272735595703
2020-06-09,83.79718017578125,105.92282104492188,43.422889709472656
2020-06-10,85.95305633544922,106.71943664550781,41.09435272216797
2020-06-11,81.82642364501953,104.06108093261719,37.4676628112793
2020-06-12,82.53286743164062,103.48823547363281,38.27088165283203
2020-06-15,83.55355834960938,104.44596862792969,38.246551513671875
2020-06-16,85.76790618896484,105.73486328125,39.1065673828125
2020-06-17,85.6485595703125,105.55585479736328,37.8327751159668
2020-06-18,85.68267822265625,106.76419830322266,38.068050384521484
2020-06-19,85.19302368164062,106.44196319580078,37.305389404296875
2020-06-22,87.4219741821289,105.39474487304688,37.662376403808594
2020-06-23,89.28799438476562,105.37683868408203,37.88956069946289
2020-06-24,87.71186828613281,104.20429992675781,36.10460662841797
2020-06-25,88.87628936767578,105.52005004882812,36.64821243286133
2020-06-26,86.1455078125,103.13917541503906,35.39063262939453
2020-06-29,88.130859375,105.31420135498047,35.95856475830078
2020-06-30,88.86656951904297,107.02376556396484,36.28310775756836
2020-07-01,88.69845581054688,107.39076232910156,35.463645935058594
2020-07-02,88.69845581054688,108.1963119506836,35.763851165771484
2020-07-06,91.07115936279297,108.86762237548828,36.015357971191406
2020-07-07,90.7885971069336,109.39572143554688,35.08232498168945
2020-07-08,92.90306854248047,109.99540710449219,35.00118637084961
2020-07-09,93.3025894165039,109.62841796875,33.5570068359375
2020-07-10,93.4657974243164,110.89048767089844,34.603641510009766
2020-07-13,93.03460693359375,111.03368377685547,34.61174774169922
2020-07-14,94.57418823242188,111.9645767211914,35.75572967529297
2020-07-15,95.22460174560547,111.43646240234375,36.210086822509766
2020-07-16,94.05287170410156,111.66917419433594,35.926116943359375
2020-07-17,93.86286163330078,112.44792175292969,35.30950164794922
2020-07-20,95.84093475341797,112.09881591796875,34.481929779052734
2020-07-21,94.5181655883789,111.94666290283203,36.2263069152832
2020-07-22,94.78367614746094,112.90436553955078,35.38251495361328
2020-07-23,90.46946716308594,113.63487243652344,35.455543518066406
2020-07-24,90.245361328125,113.45475006103516,35.23647689819336
2020-07-27,92.38418579101562,113.77899932861328,35.75572967529297
2020-07-28,90.86656188964844,115.1841049194336,35.333839416503906
2020-07-29,92.6082992553711,115.5714340209961,35.72327423095703
2020-07-30,93.7288818359375,118.37267303466797,33.97078323364258
2020-07-31,103.54122924804688,118.10244750976562,34.141178131103516
2020-08-03,106.15020751953125,118.25555419921875,34.27909469604492
2020-08-04,106.8591079711914,120.50736236572266,35.26892852783203
2020-08-05,107.24642944335938,120.19213104248047,35.577239990234375
2020-08-06,110.9881820678711,119.53459930419922,35.406856536865234
2020-08-07,108.46479034423828,120.29121398925781,35.24459457397461
2020-08-10,110.04129028320312,120.78661346435547,36.11272048950195
2020-08-11,106.76869201660156,120.00296783447266,36.48594665527344
2020-08-12,110.31708526611328,122.01160430908203,36.47766876220703
2020-08-13,112.26942443847656,122.29979705810547,35.58413314819336
2020-08-14,112.1693344116211,121.68731689453125,35.741329193115234
2020-08-17,111.87650299072266,122.04757690429688,35.27800750732422
2020-08-18,112.80874633789062,122.95733642578125,35.104270935058594
2020-08-19,112.9502944946289,122.29082489013672,34.71541976928711
2020-08-20,115.45659637451172,123.26360321044922,34.1859245300293
2020-08-21,121.40636444091797,123.79500579833984,33.929443359375
2020-08-24,122.85845184326172,124.75875854492188,34.93053436279297
2020-08-25,121.85052490234375,125.2541732788086,33.82189178466797
2020-08-26,123.50758361816406,124.65068054199219,33.10209655761719
2020-08-27,122.03112030029297,124.48857116699219,32.87871551513672
2020-08-28,121.83344268798828,124.99296569824219,33.66469192504883
2020-08-31,125.96507263183594,124.59663391113281,33.044185638427734
2020-09-01,130.98257446289062,124.4615249633789,32.62223434448242
2020-09-02,128.2688446044922,126.56021118164062,32.423675537109375
2020-09-03,117.99951171875,124.53359985351562,32.35749435424805
2020-09-04,118.07762145996094,124.26336669921875,32.33266830444336
2020-09-08,110.13159942626953,122.44395446777344,31.588050842285156
2020-09-09,114.52437591552734,124.43450164794922,31.397764205932617
2020-09-10,110.78561401367188,123.12847900390625,30.611785888671875
2020-09-11,109.33113861083984,124.42549896240234,30.529052734375
2020-09-14,112.61105346679688,124.86688995361328,30.330486297607422
2020-09-15,112.78678131103516,124.86688995361328,30.00782585144043
2020-09-16,109.4580307006836,124.02919006347656,31.281940460205078
2020-09-17,107.71067810058594,123.86705780029297,31.27366828918457
2020-09-18,104.2940902709961,123.73196411132812,30.768983840942383
2020-09-21,107.45689392089844,123.13749694824219,30.14019012451172
2020-09-22,109.14566802978516,124.26336669921875,29.395593643188477
2020-09-23,104.56742858886719,122.77718353271484,28.452415466308594
2020-09-24,105.64120483398438,123.32661437988281,28.394502639770508
2020-09-25,109.6044692993164,123.9571304321289,28.65924835205078
2020-09-28,112.2206039428711,124.30840301513672,29.213577270507812
2020-09-29,111.37134552001953,123.63285064697266,28.36141014099121
2020-09-30,113.05034637451172,125.1911392211914,28.402774810791016
2020-10-01,114.00698852539062,125.41626739501953,27.409961700439453
2020-10-02,110.32682800292969,124.40748596191406,27.285858154296875
2020-10-05,113.72391510009766,125.55140686035156,27.91464614868164
2020-10-06,110.46348571777344,125.74956512451172,27.62506866455078
2020-10-07,112.33773803710938,126.73136901855469,27.716075897216797
2020-10-08,112.23037719726562,127.58702850341797,29.17220687866211
2020-10-09,114.18270111083984,128.73094177246094,28.741987228393555
2020-10-12,121.43563842773438,130.14511108398438,28.65097999572754
2020-10-13,118.21428680419922,129.8928680419922,28.311767578125
2020-10-14,118.3021469116211,129.73971557617188,28.253854751586914
2020-10-15,117.83356475830078,129.5506134033203,28.502056121826172
2020-10-16,116.18385314941406,130.05499267578125,28.212480545043945
2020-10-19,113.21630096435547,127.82119750976562,27.64988899230957
2020-10-20,114.70984649658203,128.33462524414062,27.881546020507812
2020-10-21,114.08509063720703,129.0281982421875,27.434783935546875
2020-10-22,112.99176788330078,128.11434936523438,28.84126853942871
2020-10-23,112.2986831665039,128.95663452148438,28.262126922607422
2020-10-26,112.30845642089844,127.97843933105469,27.59197425842285
2020-10-27,113.82152557373047,128.93850708007812,27.15347671508789
2020-10-28,108.5501937866211,124.6816177368164,26.119298934936523
2020-10-29,112.57201385498047,124.6001205444336,27.277584075927734
2020-10-30,106.26595306396484,124.1744384765625,26.988012313842773
2020-11-02,106.17810821533203,125.44245910644531,28.121477127075195
2020-11-03,107.80829620361328,127.90599060058594,27.64161491394043
2020-11-04,112.21083068847656,127.38067626953125,27.492692947387695
2020-11-05,116.19361114501953,128.95663452148438,27.44304847717285
2020-11-06,116.0616226196289,129.72650146484375,27.12038803100586
2020-11-09,113.74409484863281,124.98054504394531,30.553871154785156
2020-11-10,113.40184783935547,127.03653717041016,31.231719970703125
2020-11-11,116.84388732910156,128.67588806152344,30.909746170043945
2020-11-12,116.57008361816406,128.74827575683594,29.850610733032227
2020-11-13,116.61898040771484,130.67750549316406,30.570812225341797
2020-11-16,117.6359634399414,129.0019073486328,32.33321762084961
2020-11-17,116.74610137939453,128.50379943847656,32.765342712402344
2020-11-18,115.41622161865234,126.52931213378906,31.52828025817871
2020-11-19,116.0127182006836,126.37531280517578,31.689260482788086
2020-11-20,114.74148559570312,126.16699981689453,31.29950523376465
2020-11-23,111.32878112792969,125.67791748046875,33.34998321533203
2020-11-24,112.61956024169922,125.27033233642578,35.569915771484375
2020-11-25,113.46051788330078,125.60545349121094,34.57857131958008
2020-11-27,114.00812530517578,125.54206848144531,34.053245544433594
2020-11-30,116.41363525390625,125.77755737304688,32.30780029296875
2020-12-01,120.00237274169922,126.23040771484375,32.621299743652344
2020-12-02,120.35438537597656,125.31562805175781,33.84142303466797
2020-12-03,120.21749114990234,124.3918228149414,34.0701904296875
2020-12-04,119.54277801513672,124.50956726074219,35.31572723388672
2020-12-07,121.00955963134766,124.69972229003906,34.65483474731445
2020-12-08,121.62559509277344,125.03484344482422,35.79022979736328
2020-12-09,119.08318328857422,123.54946899414062,36.26472473144531
2020-12-10,120.5108413696289,122.73431396484375,37.289955139160156
2020-12-11,119.69921875,123.64005279541016,37.112022399902344
2020-12-14,119.08318328857422,123.04226684570312,35.773284912109375
2020-12-15,125.04808044433594,123.76683807373047,36.46807098388672
2020-12-16,124.97965240478516,124.32838439941406,37.02729797363281
2020-12-17,125.84992980957031,125.21601867675781,36.840885162353516
2020-12-18,123.85511016845703,125.93151092529297,36.20541000366211
2020-12-21,125.39033508300781,124.55482482910156,35.54450988769531
2020-12-22,128.95953369140625,123.67630004882812,34.94292449951172
2020-12-23,128.05990600585938,123.486083984375,35.39199447631836
2020-12-24,129.0475311279297,124.73596954345703,35.247947692871094
2020-12-28,133.66302490234375,125.60545349121094,35.3665771484375
2020-12-29,131.88330078125,125.36995697021484,34.96834182739258
2020-12-30,130.75877380371094,124.78128814697266,35.247947692871094
2020-12-31,129.75161743164062,126.02210235595703,34.92597198486328
2021-01-04,126.54425048828125,124.82656860351562,35.1632194519043
2021-01-05,128.10873413085938,125.62358856201172,36.85783004760742
2021-01-06,123.79644775390625,126.94591522216797,37.798343658447266
2021-01-07,128.02078247070312,125.75945281982422,38.09489822387695
2021-01-08,129.12574768066406,125.70506286621094,38.518558502197266
2021-01-11,126.12374114990234,124.85374450683594,39.687835693359375
2021-01-12,125.9477310180664,124.12911987304688,40.56903839111328
2021-01-13,127.99141693115234,124.31932067871094,41.026580810546875
2021-01-14,126.05529022216797,122.99699401855469,42.62799072265625
2021-01-15,124.32447814941406,122.07316589355469,40.57750701904297
2021-01-19,124.99919891357422,121.00444030761719,41.382450103759766
2021-01-20,129.106201171875,119.49183654785156,41.96709060668945
2021-01-21,133.83901977539062,119.37428283691406,40.763912200927734
2021-01-22,135.99029541015625,118.45402526855469,40.187744140625
2021-01-25,139.7550506591797,120.49504852294922,39.73867416381836
2021-01-26,139.98974609375,121.26957702636719,38.86595153808594
2021-01-27,138.9140625,116.97789001464844,38.425350189208984
2021-01-28,134.0541229248047,118.78203582763672,39.026939392089844
2021-01-29,129.0377655029297,116.82299041748047,37.993221282958984
2021-02-01,131.16949462890625,117.5154800415039,38.061004638671875
2021-02-02,132.0006866455078,117.35148620605469,38.66259765625
2021-02-03,130.9739227294922,117.49727630615234,40.17927169799805
2021-02-04,134.3474578857422,117.5701675415039,40.95033264160156
2021-02-05,133.9312744140625,118.06220245361328,42.322959899902344
2021-02-08,134.07818603515625,117.69772338867188,44.14466857910156
2021-02-09,133.19679260253906,117.24214172363281,43.627655029296875
2021-02-10,132.58963012695312,116.83210754394531,44.04988098144531
2021-02-11,132.33497619628906,116.93234252929688,42.94690704345703
2021-02-12,132.57003784179688,116.28539276123047,43.532867431640625
2021-02-16,130.4351348876953,116.55875396728516,44.842647552490234
2021-02-17,128.13372802734375,117.0508041381836,45.54061508178711
2021-02-18,127.02710723876953,118.02577209472656,44.82541275024414
2021-02-19,127.18379211425781,115.82979583740234,45.12699890136719
2021-02-22,123.39385223388672,115.33776092529297,46.790069580078125
2021-02-23,123.25672912597656,116.19427490234375,47.43634033203125
2021-02-24,122.75727844238281,116.32183837890625,48.858150482177734
2021-02-25,118.48746490478516,115.33776092529297,48.04814910888672
2021-02-26,118.75187683105469,112.55864715576172,46.85039520263672
2021-03-01,125.14682006835938,113.25114440917969,48.599632263183594
2021-03-02,122.53205108642578,112.89578247070312,48.31526565551758
2021-03-03,119.53533935546875,112.22152709960938,48.703041076660156
2021-03-04,117.64525604248047,111.30121612548828,50.59014892578125
2021-03-05,118.9085693359375,114.79105377197266,52.50311279296875
2021-03-08,113.95323181152344,116.00293731689453,52.451416015625
2021-03-09,118.58539581298828,114.97329711914062,51.641422271728516
2021-03-10,117.49835205078125,116.03024291992188,53.22693634033203
2021-03-11,119.43741607666016,115.6384506225586,52.83055877685547
2021-03-12,118.52664184570312,116.75921630859375,53.39927673339844
2021-03-15,121.42540740966797,117.14191436767578,52.03779983520508
2021-03-16,122.97273254394531,117.4881591796875,50.93482971191406
2021-03-17,122.17948150634766,117.01434326171875,51.15886688232422
2021-03-18,118.03697967529297,117.26947021484375,48.95293426513672
2021-03-19,117.50814056396484,116.64076232910156,48.67719268798828
2021-03-22,120.83782196044922,118.61800384521484,48.177406311035156
2021-03-23,120.00540924072266,120.82308197021484,47.582828521728516
2021-03-24,117.60608673095703,120.78663635253906,48.54793167114258
2021-03-25,118.09573364257812,121.62490844726562,48.41006088256836
2021-03-26,118.70292663574219,123.41999816894531,49.728450775146484
2021-03-29,118.87919616699219,125.35164642333984,49.46133041381836
2021-03-30,117.42001342773438,123.41999816894531,48.84952926635742
2021-03-31,119.62348175048828,123.40177154541016,48.10847473144531
2021-04-01,120.45590209960938,122.3538818359375,49.45271682739258
2021-04-05,123.29591369628906,124.33113098144531,48.6858024597168
2021-04-06,123.5994873046875,124.37671661376953,48.54793167114258
2021-04-07,125.25454711914062,124.59539031982422,48.76335525512695
2021-04-08,127.66366577148438,125.06918334960938,48.25495529174805
2021-04-09,130.24903869628906,124.25825500488281,48.14293670654297
2021-04-12,128.5254669189453,124.7594223022461,47.82411193847656
2021-04-13,131.64942932128906,123.11017608642578,48.00506591796875
2021-04-14,129.29913330078125,123.55667114257812,49.39239501953125
2021-04-15,131.71803283691406,125.05098724365234,49.09941482543945
2021-04-16,131.38507080078125,125.06009674072266,48.82368087768555
2021-04-19,132.0509796142578,124.47693634033203,48.668575286865234
2021-04-20,130.3567657470703,125.51567840576172,47.64314651489258
2021-04-21,130.7386932373047,124.69563293457031,48.25495529174805
2021-04-22,129.21096801757812,123.45765686035156,47.625919342041016
2021-04-23,131.54173278808594,122.82491302490234,47.88442611694336
2021-04-26,131.9334716796875,120.36730194091797,47.979217529296875
2021-04-27,131.6103057861328,120.2939453125,48.608253479003906
2021-04-28,130.81704711914062,120.49571990966797,50.07313919067383
2021-04-29,130.7191162109375,121.5135726928711,50.7883415222168
2021-04-30,128.74090576171875,122.34809112548828,49.32345962524414
2021-05-03,129.79856872558594,123.79696655273438,50.684932708740234
2021-05-04,125.20557403564453,123.37512969970703,51.00376892089844
2021-05-05,125.4504165649414,122.38475799560547,52.5375862121582
2021-05-06,127.05647277832031,123.92533874511719,53.03737258911133
2021-05-07,127.7333755493164,123.93453216552734,53.79566192626953
2021-05-10,124.43727111816406,126.245361328125,53.9249153137207
2021-05-11,123.51515197753906,125.62181854248047,52.21014404296875
2021-05-12,120.43486785888672,124.29212188720703,52.489906311035156
2021-05-13,122.59302520751953,126.29121398925781,51.84295654296875
2021-05-14,125.0258560180664,126.55714416503906,53.12810516357422
2021-05-17,123.86830139160156,126.30040740966797,54.369537353515625
2021-05-18,122.47531127929688,125.0074234008789,52.83086013793945
2021-05-19,122.31836700439453,125.2641830444336,51.563194274902344
2021-05-20,124.88851928710938,126.54800415039062,51.4408073425293
2021-05-21,123.04427337646484,126.54800415039062,51.5107421875
2021-05-24,124.6825180053711,126.51129150390625,52.11397171020508
2021-05-25,124.48632049560547,126.94231414794922,50.93374252319336
2021-05-26,124.43727111816406,126.65805053710938,51.52822494506836
2021-05-27,122.89713287353516,123.77861785888672,51.196014404296875
2021-05-28,122.2398681640625,123.6594009399414,51.02989959716797
2021-06-01,121.91614532470703,121.85289001464844,52.857086181640625
2021-06-02,122.68132781982422,122.38475799560547,53.2767219543457
2021-06-03,121.19023895263672,124.57642364501953,53.48653793334961
2021-06-04,123.49552917480469,124.66807556152344,53.72259521484375
2021-06-07,123.50534057617188,125.0990982055664,53.372894287109375
2021-06-08,124.329345703125,123.65023040771484,54.31707763671875
2021-06-09,124.7119369506836,123.60436248779297,54.77168655395508
2021-06-10,123.71133422851562,124.5213851928711,54.8591194152832
2021-06-11,124.92776489257812,123.66858673095703,54.352046966552734
2021-06-14,127.99822998046875,123.71443176269531,54.264625549316406
2021-06-15,127.17420196533203,123.47600555419922,56.24042510986328
2021-06-16,127.67451477050781,121.76116943359375,56.03935241699219
2021-06-17,129.28329467773438,122.87078094482422,54.1946907043457
2021-06-18,127.97860717773438,121.07344055175781,52.804630279541016
2021-06-21,129.78358459472656,122.02711486816406,54.719234466552734
2021-06-22,131.43165588378906,122.07296752929688,55.768341064453125
2021-06-23,131.156982421875,121.89871978759766,56.17923355102539
2021-06-24,130.87249755859375,121.98127746582031,56.40653610229492
2021-06-25,130.5782012939453,123.72357940673828,56.52893829345703
2021-06-28,132.2164306640625,124.09042358398438,55.0864143371582
2021-06-29,133.73696899414062,123.24673461914062,54.74545669555664
2021-06-30,134.35494995117188,123.73275756835938,55.147621154785156
2021-07-01,134.65908813476562,124.01704406738281,55.30497360229492
2021-07-02,137.29791259765625,124.62228393554688,55.22629928588867
2021-07-06,139.31871032714844,124.69561004638672,53.65264892578125
2021-07-07,141.82020568847656,125.63098907470703,52.813377380371094
2021-07-08,140.5155487060547,125.61265563964844,52.57733154296875
2021-07-09,142.34994506835938,125.65849304199219,53.5302619934082
2021-07-12,141.75152587890625,125.75936126708984,53.47779846191406
2021-07-13,142.86985778808594,125.60347747802734,53.22426986694336
2021-07-14,146.31312561035156,126.52964782714844,52.04403305053711
2021-07-15,145.6558380126953,127.61173248291016,51.536964416503906
2021-07-16,143.60560607910156,128.8496856689453,50.111942291259766
2021-07-19,139.74053955078125,128.78550720214844,48.389671325683594
2021-07-20,143.3701629638672,128.09776306152344,48.92296600341797
2021-07-21,142.63442993164062,127.64839935302734,50.49661636352539
2021-07-22,144.0078125,127.15935516357422,49.92835235595703
2021-07-23,145.73434448242188,128.99566650390625,49.867149353027344
2021-07-26,146.15615844726562,129.4478302001953,51.126068115234375
2021-07-27,143.97840881347656,129.97381591796875,50.55781173706055
2021-07-28,142.22242736816406,128.0452117919922,50.89876937866211
2021-07-29,142.86985778808594,128.70962524414062,51.51947784423828
2021-07-30,143.08567810058594,131.24725341796875,50.33050537109375
2021-08-02,142.7521514892578,130.92428588867188,50.33924865722656
2021-08-03,144.55715942382812,132.83444213867188,50.88128662109375
2021-08-04,144.1549835205078,131.4318389892578,49.69230651855469
2021-08-05,144.26284790039062,131.4964141845703,50.007041931152344
2021-08-06,143.5751495361328,130.49058532714844,50.58403396606445
2021-08-09,143.5260467529297,131.20111083984375,50.007041931152344
2021-08-10,143.0446319580078,131.2841796875,50.86379623413086
2021-08-11,143.30006408691406,131.60714721679688,51.01241683959961
2021-08-12,146.27687072753906,131.91168212890625,50.89704895019531
2021-08-13,146.4832305908203,132.54840087890625,50.38231658935547
2021-08-16,148.46775817871094,133.47117614746094,49.64570236206055
2021-08-17,147.55409240722656,133.692626953125,49.3084602355957
2021-08-18,143.79127502441406,132.23464965820312,48.27009963989258
2021-08-19,144.12530517578125,133.79412841796875,46.79688262939453
2021-08-20,145.5891876220703,133.8863983154297,46.805763244628906
2021-08-23,147.08250427246094,133.20358276367188,48.731597900390625
2021-08-24,146.9940643310547,132.1239013671875,49.13096618652344
2021-08-25,145.7561798095703,131.6532745361328,49.21971130371094
2021-08-26,144.9505615234375,131.422607421875,48.55409622192383
2021-08-27,145.99197387695312,131.32107543945312,49.49483108520508
2021-08-30,150.4326171875,131.89321899414062,48.95346450805664
2021-08-31,149.16531372070312,131.39492797851562,48.385475158691406
2021-09-01,149.83334350585938,132.7329559326172,47.71986770629883
2021-09-02,150.9533233642578,132.83444213867188,48.88246536254883
2021-09-03,151.59193420410156,132.92672729492188,48.69609832763672
2021-09-07,153.94000244140625,132.42840576171875,48.4120979309082
2021-09-08,152.3877410888672,133.43426513671875,47.96835708618164
2021-09-09,151.3660125732422,132.87136840820312,48.00385665893555
2021-09-10,146.3555145263672,133.00054931640625,47.9062385559082
2021-09-13,146.9253387451172,134.43087768554688,49.139835357666016
2021-09-14,145.52041625976562,134.2001495361328,48.438724517822266
2021-09-15,146.41444396972656,133.9141082763672,50.071685791015625
2021-09-16,146.1786346435547,132.9821014404297,49.53920364379883
2021-09-17,143.49656677246094,133.19432067871094,48.95346450805664
2021-09-20,140.4313201904297,131.85630798339844,47.64887237548828
2021-09-21,140.91270446777344,132.059326171875,47.604488372802734
2021-09-22,143.29025268554688,132.51150512695312,48.99783706665039
2021-09-23,144.25306701660156,133.055908203125,50.657432556152344
2021-09-24,144.3414306640625,132.46533203125,51.11004638671875
2021-09-27,142.81866455078125,130.7213134765625,52.62763977050781
2021-09-28,139.41941833496094,129.73391723632812,53.177879333496094
2021-09-29,140.3232421875,131.05348205566406,53.14237976074219
2021-09-30,139.01657104492188,129.00491333007812,52.20164108276367
2021-10-01,140.1464080810547,128.80186462402344,54.07423400878906
2021-10-04,136.69798278808594,128.07289123535156,54.77534484863281
2021-10-05,138.6334228515625,128.57119750976562,54.68659591674805
2021-10-06,139.5078125,130.28756713867188,53.683746337890625
2021-10-07,140.775146484375,131.330322265625,53.83460998535156
2021-10-08,140.39199829101562,130.785888671875,55.1835823059082
2021-10-11,140.30361938476562,131.330322265625,54.63334274291992
2021-10-12,139.02642822265625,131.1365509033203,54.3493537902832
2021-10-13,138.43695068359375,131.44105529785156,54.1984748840332
2021-10-14,141.23690795898438,132.92672729492188,55.023834228515625
2021-10-15,142.29795837402344,133.26817321777344,55.547447204589844
2021-10-18,143.9779815673828,131.34877014160156,55.520835876464844
2021-10-19,146.149169921875,129.79847717285156,56.355064392089844
2021-10-20,146.640380859375,130.3060302734375,56.665672302246094
2021-10-21,146.85655212402344,129.36822509765625,55.63619613647461
2021-10-22,146.08041381835938,130.760986328125,56.01780700683594
2021-10-25,146.03126525878906,130.77955627441406,57.10940933227539
2021-10-26,146.69937133789062,132.63656616210938,58.4317626953125
2021-10-27,146.23760986328125,131.68948364257812,56.91416931152344
2021-10-28,149.89230346679688,132.4787139892578,57.073917388916016
2021-10-29,147.17092895507812,132.7665557861328,57.21591567993164
2021-11-01,146.345703125,132.4415740966797,58.245391845703125
2021-11-02,147.3870849609375,133.76007080078125,57.52653503417969
2021-11-03,148.83128356933594,134.67926025390625,56.736671447753906
2021-11-04,148.31057739257812,134.9299774169922,57.16266632080078
2021-11-05,148.8418731689453,135.5984649658203,57.70402526855469
2021-11-08,148.01541137695312,134.58642578125,58.32526779174805
2021-11-09,148.37942504882812,134.99497985839844,58.89324951171875
2021-11-10,145.53598022460938,136.3227081298828,57.73301315307617
2021-11-11,145.48683166503906,135.93276977539062,57.84095001220703
2021-11-12,147.57266235351562,136.081298828125,57.40024185180664
2021-11-15,147.5824737548828,136.8612518310547,57.894920349121094
2021-11-16,148.56639099121094,136.66629028320312,58.47952651977539
2021-11-17,151.01626586914062,136.5827178955078,57.84095001220703
2021-11-18,155.3256378173828,136.60125732421875,57.211360931396484
2021-11-19,157.96246337890625,136.3227081298828,54.567100524902344
2021-11-22,158.42491149902344,137.232666015625,55.32260513305664
2021-11-23,158.80860900878906,138.75540161132812,56.7796516418457
2021-11-24,159.33006286621094,138.03115844726562,57.09443283081055
2021-11-26,154.28273010253906,136.92623901367188,55.0887565612793
2021-11-29,157.65745544433594,138.3654327392578,55.394554138183594
2021-11-30,162.6359100341797,134.2428741455078,53.82059097290039
2021-12-01,162.11447143554688,135.93276977539062,53.7756233215332
2021-12-02,161.12071228027344,136.7312469482422,55.11573791503906
2021-12-03,159.23167419433594,139.1639404296875,54.76497268676758
2021-12-06,162.6555633544922,141.2716064453125,55.385562896728516
2021-12-07,168.42112731933594,140.90023803710938,56.00615692138672
2021-12-08,172.25830078125,141.53164672851562,56.168052673339844
2021-12-09,171.7466583251953,142.3579559326172,56.31195831298828
2021-12-10,176.55783081054688,144.34500122070312,56.671714782714844
2021-12-13,172.90762329101562,146.39697265625,55.430538177490234
2021-12-14,171.5203857421875,146.93551635742188,55.34959411621094
2021-12-15,176.41029357910156,147.5018768310547,55.106754302978516
2021-12-16,169.4837188720703,149.59104919433594,55.19668197631836
2021-12-17,168.3817596435547,146.20201110839844,53.991477966308594
2021-12-20,167.0142059326172,146.57337951660156,53.20899963378906
2021-12-21,170.2019805908203,146.48052978515625,54.4141960144043
2021-12-22,172.8092803955078,147.92901611328125,54.85491180419922
2021-12-23,173.43893432617188,148.6532440185547,54.88189697265625
2021-12-27,177.42369079589844,150.3895263671875,55.66437911987305
2021-12-28,176.4004364013672,151.1973419189453,55.4844970703125
2021-12-29,176.48898315429688,152.4508056640625,54.99882125854492
2021-12-30,175.32801818847656,151.13230895996094,54.67503356933594
2021-12-31,174.70816040039062,151.88441467285156,55.0347900390625
2022-01-03,179.0765838623047,151.25303649902344,57.148399353027344
2022-01-04,176.8038330078125,151.78228759765625,59.2979850769043
2022-01-05,172.10084533691406,152.46939086914062,60.03550720214844
2022-01-06,169.2279052734375,151.1880340576172,61.447574615478516
2022-01-07,169.39520263671875,151.1044921875,61.95124435424805
2022-01-10,169.4148712158203,149.043212890625,61.58248519897461
2022-01-11,172.25830078125,147.3162078857422,64.17278289794922
2022-01-12,172.7010040283203,147.64117431640625,63.983909606933594
2022-01-13,169.4148712158203,146.97262573242188,63.525211334228516
2022-01-14,170.2806854248047,148.3839569091797,64.64046478271484
2022-01-18,167.06336975097656,145.52418518066406,65.72876739501953
2022-01-19,163.55088806152344,150.41738891601562,65.75574493408203
2022-01-20,161.858642578125,151.22955322265625,65.89965057373047
2022-01-21,159.79246520996094,151.80831909179688,64.91029357910156
2022-01-24,159.01519775390625,150.57611083984375,65.46792602539062
2022-01-25,157.2048797607422,148.93309020996094,67.39266204833984
2022-01-26,157.11631774902344,147.635498046875,66.70911407470703
2022-01-27,156.65390014648438,148.55035400390625,67.56355285644531
2022-01-28,167.5848388671875,149.82925415039062,67.70745849609375
2022-01-31,171.96311950683594,149.78260803222656,68.31903076171875
2022-02-01,171.79588317871094,149.1197967529297,72.69917297363281
2022-02-02,173.00604248046875,151.78965759277344,72.51030731201172
2022-02-03,170.11337280273438,153.2272491455078,71.66485595703125
2022-02-04,169.82774353027344,150.79078674316406,73.22084045410156
2022-02-07,169.10861206054688,149.66123962402344,74.10225677490234
2022-02-08,172.23147583007812,149.32522583007812,72.18650817871094
2022-02-09,173.659912109375,148.98912048339844,71.8409423828125
2022-02-10,169.56173706054688,146.72067260742188,71.14981842041016
2022-02-11,166.13348388671875,145.89915466308594,72.9412841796875
2022-02-14,166.3699188232422,146.31927490234375,71.82275390625
2022-02-15,170.22178649902344,146.39395141601562,70.92247009277344
2022-02-16,169.9853515625,147.5048065185547,71.24984741210938
2022-02-17,166.3699188232422,149.19447326660156,71.14073181152344
2022-02-18,164.81338500976562,149.26918029785156,70.34955596923828
2022-02-22,161.877685546875,147.43014526367188,69.5311279296875
2022-02-23,157.6908416748047,145.59112548828125,69.81302642822266
2022-02-24,160.32118225097656,141.6703338623047,68.9309310913086
2022-02-25,162.39981079101562,147.7195281982422,70.78607177734375
2022-02-28,162.66578674316406,145.5257568359375,71.31350708007812
2022-03-01,160.7743377685547,143.11727905273438,71.99554443359375
2022-03-02,164.0843963623047,143.5653533935547,73.23229217529297
2022-03-03,163.75926208496094,144.0974884033203,73.69609069824219
2022-03-04,160.74476623535156,144.8256378173828,76.46967315673828
2022-03-07,156.9322967529297,142.67852783203125,79.22510528564453
2022-03-08,155.0999298095703,137.03076171875,79.82528686523438
2022-03-09,160.52804565429688,138.87916564941406,75.28749084472656
2022-03-10,156.1638946533203,135.3037872314453,77.62460327148438
2022-03-11,152.43020629882812,133.69813537597656,77.22447204589844
2022-03-14,148.38128662109375,135.4064483642578,74.4599609375
2022-03-15,152.7848358154297,140.27943420410156,70.22225189208984
2022-03-16,157.21795654296875,139.80331420898438,69.95852661132812
2022-03-17,158.232666015625,140.24205017089844,71.82275390625
2022-03-18,161.54269409179688,140.16738891601562,71.54086303710938
2022-03-21,162.92193603515625,140.69949340820312,74.75096893310547
2022-03-22,166.31080627441406,141.7823944091797,74.42357635498047
2022-03-23,167.68011474609375,140.7928466796875,75.59668731689453
2022-03-24,171.48275756835938,141.0355682373047,75.82402038574219
2022-03-25,172.1230926513672,142.66921997070312,77.47909545898438
2022-03-28,172.9900360107422,143.6494140625,75.30567932128906
2022-03-29,176.30007934570312,145.12437438964844,74.90554809570312
2022-03-30,175.12777709960938,144.1255340576172,76.18777465820312
2022-03-31,172.01475524902344,142.64122009277344,75.10562133789062
2022-04-01,171.7191925048828,144.77894592285156,75.58759307861328
2022-04-04,175.78782653808594,143.8361053466797,75.62397003173828
2022-04-05,172.45806884765625,144.3402099609375,75.23294830322266
2022-04-06,169.2760772705078,146.4033203125,76.06956481933594
2022-04-07,169.58145141601562,148.29832458496094,77.34269714355469
2022-04-08,167.5619354248047,149.45587158203125,78.97048950195312
2022-04-11,163.28643798828125,148.88641357421875,76.25142669677734
2022-04-12,165.1680450439453,148.43833923339844,77.84284973144531
2022-04-13,167.8673095703125,148.85841369628906,78.94318389892578
2022-04-14,162.833251953125,148.027587890625,79.87076568603516
2022-04-18,162.6165313720703,146.61798095703125,80.52552032470703
2022-04-19,164.91188049316406,148.81173706054688,79.80711364746094
2022-04-20,164.74440002441406,152.7698211669922,79.98897552490234
2022-04-21,163.94644165039062,152.65061950683594,79.14325714111328
2022-04-22,159.38528442382812,151.37393188476562,77.41545104980469
2022-04-25,160.45909118652344,152.59432983398438,74.8055419921875
2022-04-26,154.469482421875,150.0033416748047,74.83280944824219
2022-04-27,154.2428741455078,149.5996551513672,76.9698486328125
2022-04-28,161.20777893066406,153.40164184570312,79.29784393310547
2022-04-29,155.3068084716797,150.71681213378906,77.52457427978516
2022-05-02,155.61219787597656,148.6797332763672,78.57945251464844
2022-05-03,157.10960388183594,146.6426239013672,80.1981430053711
2022-05-04,163.55239868164062,147.72218322753906,83.39006805419922
2022-05-05,154.43988037109375,144.9998016357422,82.12602996826172
2022-05-06,155.16995239257812,146.44546508789062,83.38096618652344
2022-05-09,150.02000427246094,146.07937622070312,76.80615997314453
2022-05-10,152.43710327148438,145.30958557128906,77.3154067993164
2022-05-11,144.5345916748047,143.26309204101562,78.92501068115234
2022-05-12,140.64743041992188,142.68106079101562,79.28330993652344
2022-05-13,145.1364288330078,144.2112274169922,81.63516235351562
2022-05-16,143.5874786376953,145.61935424804688,83.55523681640625
2022-05-17,147.2378387451172,145.20631408691406,84.62091827392578
2022-05-18,138.93081665039062,136.15675354003906,83.27961730957031
2022-05-19,135.50732421875,133.02130126953125,83.72978210449219
2022-05-20,135.74411010742188,133.1057891845703,84.39125061035156
2022-05-23,141.19004821777344,136.1661376953125,86.25618743896484
2022-05-24,138.47694396972656,138.58811950683594,86.72472381591797
2022-05-25,138.6348114013672,136.31634521484375,88.47025299072266
2022-05-26,141.85107421875,137.50856018066406,88.7825927734375
2022-05-27,147.63243103027344,139.61135864257812,89.65534973144531
2022-05-31,146.8432159423828,138.82278442382812,88.19463348388672
2022-06-01,146.71493530273438,136.71998596191406,89.88502502441406
2022-06-02,149.181396484375,138.19384765625,89.72885131835938
2022-06-03,143.4296112060547,136.9546661376953,91.03340148925781
2022-06-06,144.17942810058594,136.4196014404297,90.80371856689453
2022-06-07,146.71493530273438,137.9403533935547,94.96540069580078
2022-06-08,145.9750213623047,136.2224578857422,96.0862045288086
2022-06-09,140.7263641357422,133.762939453125,94.00997924804688
2022-06-10,135.290283203125,133.25599670410156,92.29200744628906
2022-06-13,130.11073303222656,129.68870544433594,88.05682373046875
2022-06-14,130.97889709472656,125.6427001953125,88.2864990234375
2022-06-15,133.61309814453125,124.39413452148438,87.17488861083984
2022-06-16,128.3151397705078,125.15455627441406,83.95944213867188
2022-06-17,129.7949981689453,124.25336456298828,79.1179428100586
2022-06-21,134.04718017578125,128.0177459716797,84.04214477539062
2022-06-22,133.5341796875,130.01727294921875,80.71646118164062
2022-06-23,136.41500854492188,133.58453369140625,78.28193664550781
2022-06-24,139.75950622558594,135.50901794433594,79.83451080322266
2022-06-27,139.75950622558594,134.47637939453125,81.79132843017578
2022-06-28,135.5961456298828,132.28907775878906,84.06051635742188
2022-06-29,137.36212158203125,133.49069213867188,80.95532989501953
2022-06-30,134.8857879638672,134.98329162597656,78.67695617675781
2022-07-01,137.06610107421875,137.16119384765625,80.43168640136719
2022-07-05,139.6608428955078,135.8375701904297,77.91444396972656
2022-07-06,141.00262451171875,137.10487365722656,76.50885009765625
2022-07-07,144.38662719726562,137.05795288085938,78.95257568359375
2022-07-08,145.0673370361328,136.1379852294922,79.0811996459961
2022-07-11,142.92645263671875,137.09548950195312,78.67695617675781
2022-07-12,143.9031524658203,135.88450622558594,77.62965393066406
2022-07-13,143.53814697265625,136.7763214111328,77.94200134277344
2022-07-14,146.47817993164062,136.3726806640625,76.38023376464844
2022-07-15,148.15536499023438,136.18490600585938,77.66639709472656
2022-07-18,145.096923828125,134.53269958496094,79.09955596923828
2022-07-19,148.97421264648438,135.2179718017578,81.09312438964844
2022-07-20,150.98683166503906,132.88050842285156,81.98426055908203
2022-07-21,153.265869140625,133.00616455078125,80.61540222167969
2022-07-22,152.02273559570312,135.13206481933594,79.9998779296875
2022-07-25,150.89805603027344,136.04855346679688,82.66409301757812
2022-07-26,149.56619262695312,136.3131103515625,82.34255981445312
2022-07-27,154.68653869628906,137.60755920410156,84.12482452392578
2022-07-28,155.23902893066406,139.8940887451172,85.10781860351562
2022-07-29,160.32980346679688,131.24874877929688,89.04901885986328
2022-08-01,159.34323120117188,135.01869201660156,86.7982177734375
2022-08-02,157.86334228515625,134.12106323242188,86.42156982421875
2022-08-03,163.90126037597656,136.8894805908203,83.61955261230469
2022-08-04,163.5855255126953,136.67214965820312,80.10093688964844
2022-08-05,163.3583221435547,136.73831176757812,81.25849151611328
2022-08-08,162.8840789794922,137.25796508789062,81.71784210205078
2022-08-09,162.93345642089844,136.93673706054688,83.22450256347656
2022-08-10,167.2014617919922,138.23117065429688,84.01457214355469
2022-08-11,166.4604949951172,137.24850463867188,86.44495391845703
2022-08-12,170.02700805664062,138.58074951171875,87.19631958007812
2022-08-15,171.10386657714844,140.3665313720703,85.63790893554688
2022-08-16,170.94577026367188,141.6609344482422,84.84015655517578
2022-08-17,172.4474639892578,141.00900268554688,85.52659606933594
2022-08-18,172.05230712890625,141.5098114013672,87.54881286621094
2022-08-19,169.45399475097656,141.4719696044922,87.2705307006836
2022-08-22,165.5515594482422,141.0940399169922,87.20559692382812
2022-08-23,165.21566772460938,138.3728790283203,90.90679168701172
2022-08-24,165.5120391845703,137.7776336669922,91.44482421875
2022-08-25,167.98191833496094,137.66424560546875,91.91789245605469
2022-08-26,161.6491241455078,134.4423370361328,90.78620910644531
2022-08-29,159.43614196777344,133.87542724609375,92.87335205078125
2022-08-30,156.99588012695312,132.44866943359375,89.33911895751953
2022-08-31,155.32623291015625,130.3322296142578,88.67121887207031
2022-09-01,156.0573272705078,131.93849182128906,87.07572174072266
2022-09-02,153.93321228027344,129.5952606201172,88.67121887207031
2022-09-06,152.6686248779297,128.14964294433594,88.07754516601562
2022-09-07,154.0814208984375,130.08656311035156,87.32618713378906
2022-09-08,152.59947204589844,130.2566375732422,88.04045867919922
2022-09-09,155.4744415283203,132.24082946777344,89.51537322998047
2022-09-12,161.46141052246094,133.3179473876953,90.5450210571289
2022-09-13,151.9869384765625,130.55897521972656,88.4300537109375
2022-09-14,153.43923950195312,130.87078857421875,90.60067749023438
2022-09-15,150.5346221923828,129.85983276367188,87.96623992919922
2022-09-16,148.88475036621094,130.6534881591797,86.46349334716797
2022-09-19,152.6192169189453,130.37950134277344,86.45421600341797
2022-09-20,155.0100860595703,129.91648864746094,85.74922943115234
2022-09-21,151.86839294433594,128.24411010742188,84.36707305908203
2022-09-22,150.9001922607422,128.69766235351562,84.01457214355469
2022-09-23,148.61801147460938,128.10240173339844,79.54344940185547
2022-09-26,148.9539337158203,128.22523498535156,77.90156555175781
2022-09-27,149.93199157714844,124.7009506225586,79.53416442871094
2022-09-28,148.0351104736328,124.7009506225586,82.42833709716797
2022-09-29,140.76377868652344,121.60183715820312,82.26138305664062
2022-09-30,136.5353240966797,119.28697204589844,80.99053192138672
2022-10-03,140.73414611816406,121.42231750488281,85.2668685913086
2022-10-04,144.3401641845703,122.92463684082031,88.37438201904297
2022-10-05,144.63656616210938,122.07425689697266,91.94572448730469
2022-10-06,143.67825317382812,119.50428009033203,94.67293548583984
2022-10-07,138.40257263183594,117.41617584228516,93.71749114990234
2022-10-10,138.7285919189453,116.93431854248047,91.68598937988281
2022-10-11,137.30592346191406,117.37837219238281,90.90679168701172
2022-10-12,136.6736297607422,117.56735229492188,91.30567932128906
2022-10-13,141.26763916015625,119.34366607666016,94.4967041015625
2022-10-14,136.71316528320312,118.18151092529297,92.01067352294922
2022-10-17,140.69464111328125,120.31684875488281,93.33716583251953
2022-10-18,142.01846313476562,121.29005432128906,93.50413513183594
2022-10-19,142.12716674804688,122.41441345214844,96.27772521972656
2022-10-20,141.66278076171875,120.83769226074219,96.40757751464844
2022-10-21,145.49606323242188,122.35065460205078,98.19789123535156
2022-10-24,147.6498260498047,123.10240173339844,98.88433074951172
2022-10-25,150.5050048828125,124.52021026611328,98.21643829345703
2022-10-26,147.55105590820312,125.39562225341797,99.38523864746094
2022-10-27,143.05581665039062,125.49079895019531,99.76557159423828
2022-10-28,153.86407470703125,128.6689910888672,102.68757629394531
2022-10-31,151.4929656982422,128.14564514160156,102.78961181640625
2022-11-01,148.83534240722656,128.345458984375,103.81000518798828
2022-11-02,143.28305053710938,126.49946594238281,101.67647552490234
2022-11-03,137.20713806152344,125.633544921875,103.0586166381836
2022-11-04,136.93995666503906,127.92677307128906,104.18103790283203
2022-11-07,137.4743194580078,129.886962890625,105.41478729248047
2022-11-08,138.0482940673828,130.1819305419922,105.74872589111328
2022-11-09,133.46646118164062,129.867919921875,101.01785278320312
2022-11-10,145.3415985107422,134.3402099609375,102.50205993652344
2022-11-11,148.14215087890625,134.14041137695312,105.70233917236328
2022-11-14,146.7368927001953,134.14991760253906,106.01091766357422
2022-11-15,148.47860717773438,133.68365478515625,106.7215805053711
2022-11-16,147.2416229248047,134.8731231689453,105.5807876586914
2022-11-17,149.15151977539062,134.0452423095703,105.72103881835938
2022-11-18,149.71560668945312,135.66290283203125,104.80464935302734
2022-11-21,146.4697265625,137.3852081298828,103.7667007446289
2022-11-22,148.6171417236328,138.56512451171875,106.76834869384766
2022-11-23,149.49786376953125,139.3549041748047,106.23533630371094
2022-11-25,146.56871032714844,139.61181640625,105.86129760742188
2022-11-28,142.7191925048828,139.4976348876953,102.6820068359375
2022-11-29,139.70091247558594,138.43191528320312,103.3646240234375
2022-11-30,146.48953247070312,141.93362426757812,104.1126937866211
2022-12-01,146.76663208007812,142.01925659179688,103.60774993896484
2022-12-02,146.2718048095703,143.31338500976562,102.72876739501953
2022-12-05,145.10411071777344,141.8670196533203,99.91413879394531
2022-12-06,141.42283630371094,142.0478057861328,97.13693237304688
2022-12-07,139.47329711914062,142.9613037109375,96.921875
2022-12-08,141.16551208496094,143.98898315429688,97.64187622070312
2022-12-09,140.68060302734375,143.60836791992188,96.81900787353516
2022-12-12,142.98635864257812,145.083251953125,99.2034683227539
2022-12-13,143.95620727539062,144.86439514160156,100.28817749023438
2022-12-14,141.7196807861328,145.43533325195312,99.54946899414062
2022-12-15,135.07948303222656,143.7891387939453,98.59566497802734
2022-12-16,133.11019897460938,143.15162658691406,97.90370178222656
2022-12-19,130.9924774169922,143.11351013183594,98.34320831298828
2022-12-20,130.9232177734375,143.17066955566406,99.7645263671875
2022-12-21,134.04043579101562,144.48379516601562,101.04560852050781
2022-12-22,130.85394287109375,144.81686401367188,99.0071029663086
2022-12-23,130.48779296875,145.2259979248047,101.6253662109375
2022-12-27,128.6768798828125,146.49156188964844,103.03734588623047
2022-12-28,124.72836303710938,144.5979766845703,101.34483337402344
2022-12-29,128.26123046875,145.1974334716797,102.11160278320312
2022-12-30,128.577880859375,144.2173614501953,103.14019775390625
2023-01-03,123.7684555053711,144.22686767578125,99.59622192382812
2023-01-04,125.0450439453125,144.85487365722656,99.8860855102539
2023-01-05,123.71898651123047,143.05645751953125,102.1209487915039
2023-01-06,128.2711181640625,146.46302795410156,103.35526275634766
2023-01-09,128.79559326171875,144.67410278320312,101.42899322509766
2023-01-10,129.36956787109375,144.53135681152344,102.9438247680664
2023-01-11,132.10084533691406,143.3609619140625,104.1407470703125
2023-01-12,132.02166748046875,142.5521240234375,105.87065124511719
2023-01-13,133.35760498046875,143.57028198242188,105.8051986694336
2023-01-17,134.52536010742188,143.15162658691406,105.5994873046875
2023-01-18,133.8029327392578,139.31686401367188,103.4300765991211
2023-01-19,133.86231994628906,136.37057495117188,104.09397888183594
2023-01-20,136.43524169921875,136.89718627929688,105.9922103881836
2023-01-23,139.6415557861328,135.05873107910156,105.44051361083984
2023-01-24,141.04676818847656,135.79603576660156,106.42234802246094
2023-01-25,140.38372802734375,135.70028686523438,105.86129760742188
2023-01-26,142.46188354492188,135.1544952392578,110.11595153808594
2023-01-27,144.41136169433594,134.59912109375,108.10551452636719
2023-01-30,141.5118865966797,135.02044677734375,106.18858337402344
2023-01-31,142.78843688964844,136.33224487304688,108.47956085205078
2023-02-01,143.9165802001953,137.1078338623047,107.29198455810547
2023-02-02,149.25048828125,136.13116455078125,103.93502044677734
2023-02-03,152.8922119140625,136.55245971679688,104.65503692626953
2023-02-06,150.15103149414062,135.3938751220703,104.47738647460938
2023-02-07,153.04063415527344,134.07247924804688,107.4603042602539
2023-02-08,150.33905029296875,132.68408203125,106.52521514892578
2023-02-09,149.29998779296875,131.2286376953125,106.92729187011719
2023-02-10,149.6666717529297,132.3872528076172,111.43443298339844
2023-02-13,152.4814453125,134.120361328125,111.00096893310547
2023-02-14,151.83718872070312,133.36390686035156,109.70062255859375
2023-02-15,153.94827270507812,133.05752563476562,109.3708267211914
2023-02-16,152.34266662597656,131.3148193359375,109.05045318603516
2023-02-17,151.1929931640625,134.06289672851562,104.8572769165039
2023-02-21,147.15919494628906,133.96717834472656,104.75364685058594
2023-02-22,147.58538818359375,134.53208923339844,103.39675903320312
2023-02-23,148.07101440429688,134.10121154785156,104.34844970703125
2023-02-24,145.40493774414062,133.34475708007812,104.35787963867188
2023-02-27,146.6041717529297,133.22987365722656,104.16942596435547
2023-02-28,146.09872436523438,131.71697998046875,103.56637573242188
2023-03-01,144.01739501953125,131.81271362304688,104.48978424072266
2023-03-02,144.612060546875,133.98629760742188,104.97035217285156
2023-03-03,149.6865234375,134.96299743652344,106.29898834228516
2023-03-06,152.4615936279297,134.3884735107422,107.24125671386719
2023-03-07,150.25143432617188,131.71697998046875,105.1682357788086
2023-03-08,151.51010131835938,131.7361297607422,103.63233184814453
2023-03-09,149.25042724609375,130.76905822753906,102.83138275146484
2023-03-10,147.1790008544922,131.36268615722656,101.55928802490234
2023-03-13,149.1314697265625,132.27235412597656,100.39087677001953
2023-03-14,151.2326202392578,133.9097137451172,100.76777648925781
2023-03-15,151.6290740966797,135.8056182861328,95.75482940673828
2023-03-16,154.46360778808594,136.82057189941406,95.19889068603516
2023-03-17,153.62118530273438,136.85887145996094,94.07756042480469
2023-03-20,155.9998321533203,138.9654541015625,96.53691864013672
2023-03-21,157.8631134033203,137.96005249023438,100.86200714111328
2023-03-22,156.42601013183594,137.87388610839844,98.55341339111328
2023-03-23,157.51620483398438,137.68235778808594,97.44152069091797
2023-03-24,158.82447814941406,140.48788452148438,97.5545883178711
2023-03-27,156.8720245361328,139.7506103515625,99.6935806274414
2023-03-28,156.24761962890625,140.14320373535156,100.93739318847656
2023-03-29,159.3398895263672,140.57408142089844,102.67118072509766
2023-03-30,160.9157257080078,141.18690490722656,103.17060089111328
2023-03-31,163.43312072753906,142.37423706054688,103.33079528808594
2023-04-03,164.69183349609375,143.15936279296875,109.42736053466797
2023-04-04,164.15663146972656,143.8488006591797,108.38142395019531
2023-04-05,162.30325317382812,144.83505249023438,110.23772430419922
2023-04-06,163.19525146484375,145.75428771972656,108.40970611572266
2023-04-10,160.58865356445312,144.54779052734375,107.92913055419922
2023-04-11,159.3695831298828,144.26055908203125,108.69237518310547
2023-04-12,158.6758270263672,144.65313720703125,108.57930755615234
2023-04-13,164.08724975585938,145.3234100341797,109.088134765625
2023-04-14,163.7403564453125,144.58609008789062,109.35198211669922
2023-04-17,163.7601776123047,144.63397216796875,108.07988739013672
2023-04-18,164.98916625976562,144.78717041015625,110.19060516357422
2023-04-19,166.13885498046875,144.81590270996094,109.84196472167969
2023-04-20,165.1675567626953,145.34681701660156,108.96563720703125
2023-04-21,163.55206298828125,150.37637329101562,109.31430053710938
2023-04-24,163.8592987060547,150.6461639404297,111.37788391113281
2023-04-25,162.31317138671875,150.68470764160156,109.79483795166016
2023-04-26,162.30325317382812,148.94073486328125,108.78660583496094
2023-04-27,166.91192626953125,150.7617950439453,110.08696746826172
2023-04-28,168.1706085205078,150.67507934570312,111.50981140136719
2023-05-01,168.08140563964844,150.85813903808594,108.05162811279297
2023-05-02,167.04074096679688,150.7232208251953,103.7453842163086
2023-05-03,165.96043395996094,150.530517578125,101.70063781738281
2023-05-04,164.315185546875,149.83680725097656,99.91973114013672
2023-05-05,172.02601623535156,150.33782958984375,102.40735626220703
2023-05-08,171.9566192626953,149.6344757080078,102.81253814697266
2023-05-09,170.24203491210938,148.1024627685547,102.84081268310547
2023-05-10,172.01609802246094,148.41079711914062,101.5216064453125
2023-05-11,172.2043914794922,148.75767517089844,99.68415832519531
2023-05-12,171.27146911621094,150.27040100097656,99.67472839355469
2023-05-15,170.77523803710938,150.3185577392578,99.86481475830078
2023-05-16,170.77523803710938,150.0584259033203,97.44114685058594
2023-05-17,171.3905487060547,149.42250061035156,99.627197265625
2023-05-18,173.7328338623047,146.96551513671875,100.53014373779297
2023-05-19,173.8419647216797,147.58216857910156,100.99586486816406
2023-05-22,172.88919067382812,143.71847534179688,99.769775390625
2023-05-23,170.26907348632812,142.16720581054688,101.12893676757812
2023-05-24,170.54696655273438,140.99169921875,102.25997924804688
2023-05-25,171.68832397460938,140.08599853515625,100.42559051513672
2023-05-26,174.1099395751953,140.0956268310547,99.769775390625
2023-05-30,175.9658660888672,137.9565887451172,98.88584899902344
2023-05-31,175.916259765625,137.30142211914062,97.11798858642578
2023-06-01,178.73487854003906,138.70816040039062,98.23953247070312
2023-06-02,179.5884246826172,141.1747589111328,100.5206298828125
2023-06-05,178.2287139892578,140.6159210205078,100.07391357421875
2023-06-06,177.8614959716797,139.2188262939453,100.89131927490234
2023-06-07,176.4819793701172,139.5175323486328,103.15340423583984
2023-06-08,179.2112579345703,141.09768676757812,102.83026123046875
2023-06-09,179.5983428955078,141.2133026123047,102.06988525390625
2023-06-12,182.4070281982422,140.1052703857422,101.14794158935547
2023-06-13,181.93064880371094,139.76803588867188,101.16694641113281
2023-06-14,182.5658416748047,141.0784149169922,99.95036315917969
2023-06-15,184.6103515625,143.03436279296875,100.64419555664062
2023-06-16,183.52854919433594,144.0845947265625,99.92184448242188
2023-06-20,183.61785888671875,142.75494384765625,97.63124084472656
2023-06-21,182.5757598876953,143.98826599121094,98.7242660522461
2023-06-22,185.59288024902344,144.47964477539062,98.18251037597656
2023-06-23,185.27528381347656,143.0439910888672,97.32709503173828
2023-06-26,183.87591552734375,143.1885223388672,99.12345886230469
2023-06-27,186.6448974609375,144.54710388183594,99.37059020996094
2023-06-28,187.8259735107422,144.5181884765625,100.17848205566406
2023-06-29,188.1634063720703,143.930419921875,101.41407012939453
2023-06-30,192.5104522705078,146.20433044433594,101.93681335449219
2023-07-03,191.01181030273438,146.93661499023438,102.13642120361328
2023-07-05,189.8903045654297,146.68612670898438,101.6136703491211
2023-07-06,190.36671447753906,146.44522094726562,97.82133483886719
2023-07-07,189.2451934814453,143.37159729003906,98.0494384765625
2023-07-10,187.19078063964844,143.42941284179688,99.5036392211914
2023-07-11,186.66476440429688,142.6778564453125,100.72024536132812
2023-07-12,188.34205627441406,143.41978454589844,101.2144775390625
2023-07-13,189.1062469482422,143.51612854003906,99.361083984375
2023-07-14,189.255126953125,144.5759735107422,95.93942260742188
2023-07-17,192.53028869628906,143.55465698242188,96.35762023925781
2023-07-18,192.27224731445312,143.82444763183594,95.92041015625
2023-07-19,193.63192749023438,144.80723571777344,96.58573913574219
2023-07-20,191.67678833007812,145.98141479492188,98.28705596923828
2023-07-21,190.4957275390625,148.2793426513672,98.74327850341797
2023-07-24,191.2996063232422,148.75442504882812,100.29253387451172
2023-07-25,192.16307067871094,149.10348510742188,100.4446029663086
2023-07-26,193.0364532470703,149.25863647460938,99.88382720947266
2023-07-27,191.76611328125,147.48426818847656,100.19747924804688
2023-07-28,194.35643005371094,151.6535186767578,98.99990844726562
2023-07-31,194.97177124023438,151.54685974121094,101.92732238769531
2023-08-01,194.1381072998047,151.49835205078125,101.33802795410156
2023-08-02,191.13092041015625,151.8280487060547,100.07391357421875
2023-08-03,189.7315216064453,152.22555541992188,101.81326293945312
2023-08-04,180.62059020996094,150.557861328125,102.098388671875
2023-08-07,177.50421142578125,152.1479949951172,101.88929748535156
2023-08-08,178.44708251953125,152.3128204345703,102.3930435180664
2023-08-09,176.84918212890625,152.118896484375,104.13239288330078
2023-08-10,176.63084411621094,151.3626251220703,104.66464233398438
2023-08-11,176.6904754638672,152.24496459960938,106.28992462158203
2023-08-14,178.3501434326172,151.05235290527344,106.3754653930664
2023-08-15,176.3525848388672,150.08277893066406,103.64445495605469
2023-08-16,175.47801208496094,148.5508270263672,101.90043640136719
2023-08-17,172.9239044189453,147.48426818847656,103.87444305419922
2023-08-18,173.410888671875,147.90118408203125,105.44596862792969
2023-08-21,174.75253295898438,147.15463256835938,104.1714859008789
2023-08-22,176.13392639160156,147.21278381347656,103.58695983886719
2023-08-23,179.9998779296875,148.58958435058594,102.67662048339844
2023-08-24,175.28919982910156,147.90118408203125,101.9100112915039
2023-08-25,177.50538635253906,148.8707733154297,103.7306900024414
2023-08-28,179.0756378173828,149.10348510742188,104.60271453857422
2023-08-29,182.98130798339844,149.1907501220703,105.22557067871094
2023-08-30,186.48948669433594,149.35556030273438,106.25090026855469
2023-08-31,186.7081298828125,149.6464385986328,106.5479507446289
2023-09-01,188.28829956054688,149.81129455566406,108.78067016601562
2023-09-05,188.5268096923828,147.8042449951172,108.7902603149414
2023-09-06,181.77880859375,147.51336669921875,109.72933959960938
2023-09-07,176.46188354492188,148.9192657470703,109.19271850585938
2023-09-08,177.07803344726562,148.2793426513672,110.7834243774414
2023-09-11,178.25076293945312,150.04397583007812,109.39395904541016
2023-09-12,175.20968627929688,147.40670776367188,112.5849380493164
2023-09-13,173.1326141357422,148.43446350097656,111.57877349853516
2023-09-14,174.65313720703125,150.0634002685547,113.57192993164062
2023-09-15,173.9276580810547,148.8029327392578,111.82791137695312
2023-09-18,176.86935424804688,149.3652801513672,112.72867584228516
2023-09-19,177.96255493164062,148.92897033691406,112.4316177368164
2023-09-20,174.40469360351562,148.8029327392578,111.54044342041016
2023-09-21,172.8543243408203,147.51336669921875,109.96890258789062
2023-09-22,173.70901489257812,146.97039794921875,110.14139556884766
2023-09-25,174.99105834960938,146.07838439941406,111.37754821777344
2023-09-26,170.89654541015625,144.77911376953125,111.55003356933594
2023-09-27,169.37599182128906,142.85931396484375,115.18179321289062
2023-09-28,169.63436889648438,141.88973999023438,114.4822769165039
2023-09-29,170.15115356445312,141.42434692382812,112.67118072509766
2023-10-02,172.67544555664062,140.77471923828125,110.8025894165039
2023-10-03,171.3337860107422,141.0655975341797,110.9942398071289
2023-10-04,172.5860137939453,141.531005859375,106.84501647949219
2023-10-05,173.82827758789062,139.42698669433594,104.43980407714844
2023-10-06,176.39234924316406,139.70816040039062,102.69577026367188
2023-10-09,177.88307189941406,139.00038146972656,106.28922271728516
2023-10-10,177.28675842285156,140.37718200683594,105.83885955810547
2023-10-11,178.68804931640625,138.65130615234375,102.04417419433594
2023-10-12,179.59242248535156,138.9615936279297,102.02500915527344
2023-10-13,177.74392700195312,140.28990173339844,105.2830581665039
2023-10-16,177.6147003173828,141.62796020507812,105.3597183227539
2023-10-17,176.05441284179688,141.81216430664062,106.7396011352539
2023-10-18,174.75253295898438,145.467529296875,108.2344741821289
2023-10-19,174.37486267089844,144.64891052246094,108.30155944824219
2023-10-20,171.8108367919922,144.45376586914062,106.44254302978516
2023-10-23,171.9300994873047,144.55133056640625,104.8805923461914
2023-10-24,172.36740112304688,146.25881958007812,103.86485290527344
2023-10-25,170.04185485839844,146.94183349609375,104.0564956665039
2023-10-26,165.85787963867188,146.1612548828125,103.10782623291016
2023-10-27,167.17965698242188,143.5853729248047,101.1434097290039
2023-10-30,169.23684692382812,145.6343536376953,101.45964050292969
2023-10-31,169.71388244628906,146.3856658935547,101.4308853149414
2023-11-01,172.8940887451172,145.9758758544922,101.22964477539062
2023-11-02,176.47183227539062,147.7614288330078,104.5547866821289
2023-11-03,175.5574951171875,146.42469787597656,103.28031158447266
2023-11-06,178.12156677246094,147.27357482910156,101.45006561279297
2023-11-07,180.69557189941406,146.9320526123047,99.8593521118164
2023-11-08,181.75894165039062,146.36614990234375,98.63279724121094
2023-11-09,181.28189086914062,146.69790649414062,98.66153717041016
2023-11-10,185.49127197265625,147.73214721679688,99.41856384277344
2023-11-13,183.89906311035156,148.7566375732422,100.46305084228516
2023-11-14,186.52621459960938,148.4248809814453,100.84986877441406
2023-11-15,187.0934295654297,147.7418975830078,100.24065399169922
2023-11-16,188.78515625,149.11766052246094,99.08023071289062
2023-11-17,188.76522827148438,147.40042114257812,101.49775695800781
2023-11-20,190.51666259765625,146.61985778808594,101.05293273925781
2023-11-21,189.71060180664062,145.9758758544922,101.0142593383789
2023-11-22,190.37733459472656,147.3516387939453,100.57910919189453
2023-11-24,189.0438690185547,147.70286560058594,101.12062072753906
2023-11-27,188.86474609375,147.5662841796875,100.53075408935547
2023-11-28,189.4717559814453,148.59075927734375,100.47273254394531
2023-11-29,188.44679260253906,147.45895385742188,98.96417999267578
2023-11-30,189.0239715576172,149.7908935546875,99.35099029541016
2023-12-01,190.30767822265625,148.9517822265625,99.59275817871094
2023-12-04,188.50650024414062,148.36636352539062,99.05121612548828
2023-12-05,192.47705078125,143.19509887695312,97.12686920166016
2023-12-06,191.38241577148438,143.0877685546875,95.84073638916016
2023-12-07,193.32290649414062,142.94142150878906,95.17349243164062
2023-12-08,194.75588989257812,141.62420654296875,96.26622772216797
2023-12-11,192.2382049560547,142.27793884277344,96.33392333984375
2023-12-12,193.7607879638672,142.39501953125,94.81570434570312
2023-12-13,196.9949188232422,144.9709014892578,95.65699768066406
2023-12-14,197.14418029785156,141.1461181640625,98.2292709350586
2023-12-15,196.60682678222656,140.46310424804688,97.57168579101562
2023-12-18,194.9350128173828,142.6194305419922,98.29695129394531
2023-12-19,195.97988891601562,142.6194305419922,99.59275817871094
2023-12-20,193.88018798828125,140.41433715820312,97.92948150634766
2023-12-21,193.73089599609375,140.75582885742188,98.37431335449219
2023-12-22,192.6561737060547,141.75103759765625,98.54837799072266
2023-12-26,192.10887145996094,142.39501953125,98.77078247070312
2023-12-27,192.20835876464844,142.51210021972656,98.30662536621094
2023-12-28,192.63629150390625,142.1901092529297,96.88511657714844
2023-12-29,191.5913848876953,142.98043823242188,96.68203735351562
2024-01-02,184.73497009277344,145.1269989013672,98.98353576660156
2024-01-03,183.35174560546875,144.2488555908203,99.8151626586914
2024-01-04,181.02317810058594,145.0391845703125,98.9448471069336
2024-01-05,180.2967071533203,143.83905029296875,99.24462127685547
2024-01-08,184.65536499023438,145.07823181152344,97.59103393554688
2024-01-09,184.23741149902344,145.67340087890625,96.38227081298828
2024-01-10,185.2823028564453,146.29786682128906,95.43460083007812
2024-01-11,184.68521118164062,146.85398864746094,95.41524505615234
2024-01-12,185.01361083984375,146.94183349609375,96.65302276611328
2024-01-16,182.7347869873047,146.15147399902344,94.46758270263672
2024-01-17,181.78939819335938,146.29786682128906,93.781005859375
2024-01-18,187.71041870117188,145.45443725585938,93.60694122314453
2024-01-19,190.62612915039062,144.89476013183594,93.75198364257812
2024-01-22,192.9447479248047,145.17950439453125,93.62628173828125
2024-01-23,194.22845458984375,151.1885528564453,94.68032836914062
2024-01-24,193.55178833007812,149.3622589111328,96.3145751953125
2024-01-25,193.223388671875,152.798828125,98.76111602783203
2024-01-26,191.48191833496094,153.30938720703125,99.60242462158203
2024-01-29,190.79530334472656,153.3290252685547,99.7281265258789
2024-01-30,187.12327575683594,154.63491821289062,101.39139556884766
2024-01-31,183.5010223388672,154.291259765625,99.4186782836914
2024-02-01,185.94903564453125,156.29428100585938,99.01253509521484
2024-02-02,184.94395446777344,155.22402954101562,98.60639953613281
2024-02-05,186.76504516601562,155.3418731689453,98.20024108886719
2024-02-06,188.37713623046875,156.07827758789062,98.87715911865234
2024-02-07,188.48660278320312,156.23538208007812,98.84814453125
2024-02-08,187.40191650390625,155.76406860351562,100.5404281616211
2024-02-09,188.1691436767578,154.56619262695312,98.4129867553711
2024-02-12,186.4752655029297,154.26181030273438,99.76681518554688
2024-02-13,184.37286376953125,153.43704223632812,98.90792083740234
2024-02-14,183.48606872558594,152.8086395263672,98.419921875
2024-02-15,183.19712829589844,154.1636199951172,101.24057006835938
2024-02-16,181.65269470214844,154.65455627441406,101.24057006835938
2024-02-20,180.90541076660156,155.6364288330078,100.28408813476562
2024-02-21,181.66268920898438,157.49215698242188,102.33368682861328
2024-02-22,183.70526123046875,157.64926147460938,102.24585723876953
2024-02-23,181.86196899414062,158.11074829101562,101.34793090820312
2024-02-26,180.50686645507812,157.3154296875,101.74808502197266
2024-02-27,181.9715576171875,156.412109375,101.53337097167969
2024-02-28,180.7659149169922,157.1485137939453,101.81640625
2024-02-29,180.09832763671875,156.0586395263672,102.01160430908203
2024-03-01,179.01226806640625,155.97027587890625,103.29993438720703
2024-03-04,174.4687042236328,156.66738891601562,101.85545349121094
2024-03-05,169.50665283203125,156.43174743652344,103.10472869873047
2024-03-06,168.51026916503906,156.67721557617188,104.20761108398438
2024-03-07,168.3907012939453,157.7081756591797,104.793212890625
2024-03-08,170.1144561767578,157.44308471679688,105.77897644042969
2024-03-11,172.12718200683594,158.62132263183594,106.40361785888672
2024-03-12,172.60543823242188,158.99441528320312,105.72042083740234
2024-03-13,170.51303100585938,159.35772705078125,106.9013671875
2024-03-14,172.37628173828125,158.5722198486328,108.79481506347656
2024-03-15,171.99765014648438,158.45440673828125,108.59961700439453
2024-03-18,173.0936737060547,158.28749084472656,109.60490417480469
2024-03-19,175.4451904296875,158.896240234375,110.37593841552734
2024-03-20,178.0258331298828,159.0533447265625,110.27833557128906
2024-03-21,170.75213623046875,158.9257049560547,110.7663345336914
2024-03-22,171.6588592529297,158.7293243408203,110.7663345336914
2024-03-25,170.23403930664062,157.28598022460938,111.89849853515625
2024-03-26,169.09814453125,157.6394500732422,111.05913543701172
2024-03-27,172.68515014648438,159.66209411621094,112.21082305908203
2024-03-28,170.8617401123047,159.30862426757812,113.4503402709961
2024-04-01,169.4169921875,157.66891479492188,114.18233489990234
2024-04-02,168.23126220703125,157.6591033935547,116.41738891601562
2024-04-03,169.03836059570312,153.31919860839844,116.4369125366211
2024-04-04,168.21136474609375,152.6319122314453,116.84683227539062
2024-04-05,168.96861267089844,153.27012634277344,118.45722961425781
2024-04-08,167.84268188476562,153.21119689941406,117.65691375732422
2024-04-09,169.0582733154297,153.81996154785156,118.27178955078125
2024-04-10,167.17507934570312,154.38946533203125,119.26730346679688
2024-04-11,174.40892028808594,153.0148468017578,118.86714935302734
2024-04-12,175.91348266601562,152.5140838623047,117.48123168945312
2024-04-15,172.0673828125,152.6319122314453,116.80778503417969
2024-04-16,168.7693328857422,153.1228485107422,115.84154510498047
2024-04-17,167.39430236816406,154.1145477294922,115.7829818725586
2024-04-18,166.437744140625,155.43577575683594,115.67561340332031
2024-04-19,164.40512084960938,156.2757568359375,117.00298309326172
2024-04-22,165.24208068847656,158.64744567871094,117.66665649414062
2024-04-23,166.29824829101562,159.5961456298828,118.12538146972656
2024-04-24,168.41062927246094,160.6831817626953,118.14491271972656
2024-04-25,169.27749633789062,160.63377380371094,118.4181900024414
2024-04-26,168.6896209716797,159.38861083984375,115.12906646728516
2024-04-29,172.8744659423828,159.75425720214844,116.76874542236328
2024-04-30,169.7158966064453,161.27609252929688,115.4316177368164
2024-05-01,168.6896209716797,161.47373962402344,113.2453842163086
2024-05-02,172.4061737060547,161.90855407714844,113.4503402709961
2024-05-03,182.71884155273438,162.52125549316406,113.21610260009766
2024-05-06,181.05487060546875,162.50148010253906,113.94810485839844
2024-05-07,181.7423858642578,163.80592346191406,113.38201904296875
2024-05-08,182.08116149902344,163.12405395507812,113.36250305175781
2024-05-09,183.90457153320312,164.08261108398438,115.59754943847656
2024-05-10,182.63742065429688,164.88307189941406,115.12906646728516
2024-05-13,185.8601531982422,163.9146270751953,115.08027648925781
2024-05-14,187.00755310058594,163.80592346191406,115.77884674072266
2024-05-15,189.2924041748047,164.5470733642578,116.67423248291016
2024-05-16,189.41212463378906,165.88116455078125,115.97563934326172
2024-05-17,189.4420623779297,165.6637725830078,117.71719360351562
2024-05-20,190.6094207763672,165.337646484375,116.76277923583984
2024-05-21,191.91647338867188,166.36538696289062,115.95596313476562
2024-05-22,190.46974182128906,165.83175659179688,113.62405395507812
2024-05-23,186.45880126953125,163.5391082763672,111.68571472167969
2024-05-24,189.5518035888672,163.38099670410156,111.59715270996094
2024-05-28,189.56179809570312,161.18716430664062,113.0140151977539
2024-05-29,189.86111450195312,159.74436950683594,111.80377960205078
2024-05-30,190.85885620117188,160.6634063720703,112.15798950195312
2024-05-31,191.8166961669922,162.6002960205078,115.37544250488281
2024-06-03,193.59266662597656,162.70899963378906,112.61060333251953
2024-06-04,193.91195678710938,165.0411834716797,110.85920715332031
2024-06-05,195.42852783203125,164.09249877929688,111.30198669433594
2024-06-06,194.04165649414062,166.48397827148438,112.13832092285156
2024-06-07,196.4462432861328,165.09060668945312,110.93792724609375
2024-06-10,192.68472290039062,165.37718200683594,111.26261901855469
2024-06-11,206.68310546875,165.50564575195312,110.36724853515625
2024-06-12,212.58978271484375,163.2327423095703,109.14717864990234
2024-06-13,213.75714111328125,164.44825744628906,108.271484375
2024-06-14,212.01107788085938,164.8237762451172,107.3564224243164
2024-06-17,216.18165588378906,165.52540588378906,106.61848449707031
2024-06-18,213.8070068359375,166.57290649414062,107.62208557128906
2024-06-20,209.20741271972656,165.6934051513672,109.94416046142578
2024-06-21,207.02235412597656,166.27645874023438,108.97991180419922
2024-06-24,207.67086791992188,166.46420288085938,112.21703338623047
2024-06-25,208.59878540039062,164.88307189941406,112.53189086914062
2024-06-26,212.7693634033203,165.4759979248047,112.57125091552734
2024-06-27,213.61746215820312,164.65577697753906,113.05337524414062
2024-06-28,210.14527893066406,162.97581481933594,113.26983642578125
2024-07-01,216.261474609375,160.8017578125,113.1124038696289
2024-07-02,219.77354431152344,161.9678497314453,112.34494018554688
2024-07-03,221.0506591796875,161.89866638183594,112.9156265258789
2024-07-05,225.82984924316406,163.26242065429688,111.54796600341797
2024-07-08,227.30653381347656,164.5569610595703,110.37709045410156
2024-07-09,228.16458129882812,163.7071075439453,109.15701293945312
2024-07-10,232.4548797607422,164.83367919921875,110.12126922607422
2024-07-11,227.05709838867188,163.5885009765625,111.42989349365234
2024-07-12,230.0203857421875,164.64590454101562,111.4495620727539
2024-07-15,233.87168884277344,162.63983154296875,113.35839080810547
2024-07-16,234.29075622558594,164.9818878173828,114.175048828125
2024-07-17,228.3641357421875,167.44253540039062,115.74933624267578
2024-07-18,223.67471313476562,166.45433044433594,116.89069366455078
2024-07-19,223.80442810058594,166.97825622558594,114.2045669555664
2024-07-22,223.45523071289062,167.2665557861328,113.41741943359375
2024-07-23,224.5028533935547,165.6460723876953,111.58732604980469
2024-07-24,218.04742431640625,167.0180206298828,113.16160583496094
2024-07-25,216.99981689453125,165.9244384765625,115.54270935058594
2024-07-26,217.46875,168.1215362548828,115.44432067871094
2024-07-29,217.7481231689453,168.93673706054688,114.23408508300781
2024-07-30,218.30685424804688,160.7548370361328,116.27081298828125
2024-07-31,221.5794677734375,159.82032775878906,116.6840591430664
2024-08-01,217.8678436279297,164.72152709960938,115.07041931152344
2024-08-02,219.3644561767578,169.0858612060547,115.00154876708984
2024-08-05,208.79833984375,167.07766723632812,112.92546081542969
2024-08-06,206.76292419433594,167.10748291015625,112.32527160644531
2024-08-07,209.34710693359375,169.02621459960938,113.82083892822266
2024-08-08,212.8292236328125,169.87123107910156,115.99531555175781
2024-08-09,215.7526397705078,169.5431671142578,116.93988800048828
2024-08-12,217.2909393310547,165.83497619628906,117.08747863769531
2024-08-13,221.02682495117188,166.31216430664062,115.9657974243164
2024-08-14,221.47633361816406,167.81333923339844,117.03827667236328
2024-08-15,224.47303771972656,166.9384765625,117.76233673095703
2024-08-16,225.80157470703125,166.90866088867188,117.20689392089844
2024-08-19,225.64175415039062,167.43556213378906,117.56395721435547
2024-08-20,226.2610626220703,169.4139404296875,113.64615631103516
2024-08-21,226.15118408203125,169.16539001464844,112.92210388183594
2024-08-22,224.2832489013672,169.1554412841797,113.79493713378906
2024-08-23,226.5906982421875,168.18118286132812,115.3719711303711
2024-08-26,226.93032836914062,169.3542938232422,117.8416748046875
2024-08-27,227.77938842773438,168.26071166992188,116.72088623046875
2024-08-28,226.2410888671875,168.0718231201172,115.57034301757812
2024-08-29,229.53746032714844,169.03614807128906,117.16722106933594
2024-08-30,228.7483367919922,170.53732299804688,116.97877502441406
2024-09-03,222.52517700195312,173.49990844726562,114.52890014648438
2024-09-04,220.6072998046875,174.87184143066406,113.1303939819336
2024-09-05,222.13560485839844,174.44435119628906,112.24764251708984
2024-09-06,220.57733154296875,174.5636444091797,111.72196197509766
2024-09-09,220.66722106933594,175.03089904785156,114.0726547241211
2024-09-10,219.86810302734375,176.75079345703125,109.91680145263672
2024-09-11,222.41529846191406,172.90341186523438,108.82576751708984
2024-09-12,222.52517700195312,172.45603942871094,110.3234634399414
2024-09-13,222.25547790527344,173.06248474121094,110.24411010742188
2024-09-16,216.082275390625,176.20401000976562,111.79139709472656
2024-09-17,216.55174255371094,174.85195922851562,113.2494125366211
2024-09-18,220.4474639892578,172.90341186523438,113.64615631103516
2024-09-19,228.61846923828125,170.53732299804688,115.05458068847656
2024-09-20,227.94920349121094,173.20166015625,114.33052825927734
2024-09-23,226.2211151123047,172.75430297851562,116.40349578857422
2024-09-24,227.1201171875,172.22740173339844,116.09602355957031
2024-09-25,226.1212158203125,171.25311279296875,113.83460235595703
2024-09-26,227.26995849609375,172.19757080078125,111.88066864013672
2024-09-27,227.53965759277344,172.53558349609375,114.87604522705078
2024-09-30,232.7439422607422,172.1876220703125,116.26464080810547
2024-10-01,225.96141052246094,172.02854919433594,118.95255279541016
2024-10-02,226.53077697753906,170.91510009765625,120.52958679199219
2024-10-03,225.42198181152344,169.12562561035156,121.5809555053711
2024-10-04,226.55075073242188,167.89288330078125,123.81261444091797
2024-10-07,221.4463653564453,166.14315795898438,124.34822082519531
2024-10-08,225.52188110351562,167.17709350585938,121.04535675048828
2024-10-09,229.28773498535156,168.2805938720703,121.09494018554688
2024-10-10,228.7882843017578,167.96246337890625,122.13639068603516
2024-10-11,227.2999267578125,170.08995056152344,122.6025619506836
2024-10-14,231.04580688476562,171.50164794921875,123.06873321533203
2024-10-15,233.59300231933594,172.5554656982422,119.36912536621094
2024-10-16,231.5252685546875,171.37242126464844,119.67660522460938
2024-10-17,231.89486694335938,171.2729949951172,119.36912536621094
2024-10-18,234.74172973632812,171.27999877929688,119.03189849853516
2024-10-21,236.22010803222656,169.5399932861328,119.10133361816406
2024-10-22,235.60079956054688,169.6999969482422,119.71627044677734
2024-10-23,230.5063934326172,169.5800018310547,119.28977966308594
2024-10-24,230.31661987304688,169.6199951171875,118.61531829833984
2024-10-25,231.1556854248047,168.22000122070312,118.5161361694336
2024-10-28,233.14349365234375,169.3000030517578,117.93094635009766
2024-10-29,233.41319274902344,167.1699981689453,116.32415008544922
2024-10-30,229.8471221923828,166.16000366210938,115.73896026611328
2024-10-31,225.66172790527344,165.17999267578125,115.8282241821289
2024-11-01,222.66502380371094,165.10000610351562,114.01313781738281
2024-11-04,221.76600646972656,165.0800018310547,117.643310546875
2024-11-05,223.2044219970703,165.75999450683594,117.9904556274414
2024-11-06,222.47523498535156,161.0500030517578,120.01383209228516
2024-11-07,227.22999572753906,163.41000366210938,120.16261291503906
2024-11-08,226.9600067138672,167.7100067138672,120.12293243408203
2024-11-11,224.22999572753906,166.02999877929688,119.48815155029297
2024-11-12,224.22999572753906,165.83999633789062,119.36912536621094
2024-11-13,225.1199951171875,166.5800018310547,120.4800033569336
2024-11-14,228.22000122070312,167.0800018310547,120.55999755859375
2024-11-15,225.0,169.5399932861328,119.30999755859375
2024-11-18,228.02000427246094,170.75,120.30999755859375
2024-11-19,228.27999877929688,170.75999450683594,118.62999725341797
2024-11-20,229.0,170.88999938964844,120.31999969482422
2024-11-21,228.52000427246094,172.75,121.93000030517578
2024-11-22,229.8699951171875,176.27999877929688,121.79000091552734
2024-11-25,232.8699951171875,177.38999938964844,119.97000122070312
2024-11-26,235.05999755859375,179.30999755859375,117.97000122070312
2024-11-27,234.92999267578125,179.36000061035156,117.66000366210938
2024-11-29,237.3300018310547,179.25999450683594,117.95999908447266
2024-12-02,239.58999633789062,179.6999969482422,117.8499984741211
2024-12-03,242.64999389648438,175.4199981689453,117.66999816894531
2024-12-04,243.00999450683594,175.11000061035156,114.27999877929688
2024-12-05,243.0399932861328,176.02999877929688,114.77999877929688
2024-12-06,242.83999633789062,173.82000732421875,113.56999969482422
2024-12-09,246.75,170.7899932861328,112.9000015258789
2024-12-10,247.77000427246094,172.27999877929688,112.66999816894531
2024-12-11,246.49000549316406,170.6300048828125,111.91999816894531
2024-12-12,247.9600067138672,170.85000610351562,111.81999969482422
2024-12-13,248.1300048828125,171.05999755859375,110.83999633789062
2024-12-16,251.0399932861328,171.13999938964844,108.47000122070312
2024-12-17,253.47999572753906,170.3300018310547,108.01000213623047
2024-12-18,248.0500030517578,169.0800018310547,106.41999816894531
2024-12-19,249.7899932861328,169.19000244140625,105.51000213623047
2024-12-20,254.49000549316406,168.05999755859375,105.87000274658203
2024-12-23,255.27000427246094,168.11000061035156,106.30000305175781
2024-12-24,258.20001220703125,168.94000244140625,106.4000015258789
2024-12-26,259.0199890136719,170.16000366210938,106.48999786376953
2024-12-27,255.58999633789062,169.52999877929688,106.4800033569336
2024-12-30,252.1999969482422,167.08999633789062,105.76000213623047
2024-12-31,250.4199981689453,167.64999389648438,107.56999969482422
2025-01-02,243.85000610351562,165.97999572753906,107.30999755859375
2025-01-03,243.36000061035156,165.1300048828125,107.86000061035156
2025-01-06,245.0,160.60000610351562,107.73999786376953
2025-01-07,242.2100067138672,161.3000030517578,108.75
2025-01-08,242.6999969482422,162.10000610351562,106.93000030517578
2025-01-10,236.85000610351562,158.55999755859375,106.54000091552734
