Date,AAPL,PG,XOM
2022-01-03,179.0765838623047,150.33633422851562,57.14840316772461
2022-01-04,176.80381774902344,150.8623809814453,59.29799270629883
2022-01-05,172.10084533691406,151.54530334472656,60.03550720214844
2022-01-06,169.2279510498047,150.271728515625,61.44757080078125
2022-01-07,169.3951873779297,150.1886749267578,61.95124053955078
2022-01-10,169.4148406982422,148.13990783691406,61.582489013671875
2022-01-11,172.25830078125,146.42333984375,64.17278289794922
2022-01-12,172.70103454589844,146.746337890625,63.98390197753906
2022-01-13,169.4148406982422,146.0818634033203,63.52519226074219
2022-01-14,170.2806854248047,147.4846649169922,64.64047241210938
2022-01-18,167.06338500976562,144.64219665527344,65.728759765625
2022-01-19,163.55093383789062,149.50575256347656,65.7557601928711
2022-01-20,161.85865783691406,150.31297302246094,65.89964294433594
2022-01-21,159.79251098632812,150.8882293701172,64.91029357910156
2022-01-24,159.01522827148438,149.66348266601562,65.46794128417969
2022-01-25,157.20486450195312,148.0304718017578,67.39266967773438
2022-01-26,157.11627197265625,146.74073791503906,66.70912170410156
2022-01-27,156.65391540527344,147.65005493164062,67.56354522705078
2022-01-28,167.58485412597656,148.9211883544922,67.70744323730469
2022-01-31,171.963134765625,148.8748016357422,68.31905364990234
2022-02-01,171.79586791992188,148.21600341796875,72.69915008544922
2022-02-02,173.00604248046875,150.86972045898438,72.51031494140625
2022-02-03,170.1134033203125,152.29859924316406,71.66484832763672
2022-02-04,169.82772827148438,149.8768768310547,73.2208251953125
2022-02-07,169.1085968017578,148.75418090820312,74.10224914550781
2022-02-08,172.23147583007812,148.420166015625,72.18651580810547
2022-02-09,173.65992736816406,148.08615112304688,71.84095001220703
2022-02-10,169.56173706054688,145.8314666748047,71.14981079101562
2022-02-11,166.13345336914062,145.01490783691406,72.94129943847656
2022-02-14,166.3699188232422,145.43246459960938,71.82276916503906
2022-02-15,170.22177124023438,145.50668334960938,70.92247772216797
2022-02-16,169.98533630371094,146.61083984375,71.2498550415039
2022-02-17,166.3699188232422,148.29026794433594,71.1407241821289
2022-02-18,164.81338500976562,148.3644561767578,70.34957122802734
2022-02-22,161.87767028808594,146.53659057617188,69.5311279296875
2022-02-23,157.6908721923828,144.70872497558594,69.81302642822266
2022-02-24,160.3211669921875,140.81170654296875,68.93093872070312
2022-02-25,162.3998260498047,146.82423400878906,70.78606414794922
2022-02-28,162.66578674316406,144.64376831054688,71.3134994506836
2022-03-01,160.7743377685547,142.2498779296875,71.99554443359375
2022-03-02,164.08438110351562,142.69528198242188,73.2322998046875
2022-03-03,163.75929260253906,143.22413635253906,73.69608306884766
2022-03-04,160.74478149414062,143.94789123535156,76.46967315673828
2022-03-07,156.9322967529297,141.81378173828125,79.22509765625
2022-03-08,155.09994506835938,136.20025634765625,79.82530212402344
2022-03-09,160.52801513671875,138.03741455078125,75.28749084472656
2022-03-10,156.16387939453125,134.48370361328125,77.62459564208984
2022-03-11,152.43020629882812,132.88780212402344,77.22447204589844
2022-03-14,148.3813018798828,134.58580017089844,74.4599609375
2022-03-15,152.78485107421875,139.42921447753906,70.22225189208984
2022-03-16,157.21798706054688,138.9560089111328,69.95853424072266
2022-03-17,158.23265075683594,139.39207458496094,71.82276916503906
2022-03-18,161.54270935058594,139.31787109375,71.54084777832031
2022-03-21,162.92193603515625,139.84674072265625,74.75094604492188
2022-03-22,166.31080627441406,140.92306518554688,74.423583984375
2022-03-23,167.68016052246094,139.9395294189453,75.5966796875
2022-03-24,171.48275756835938,140.18077087402344,75.82403564453125
2022-03-25,172.1230926513672,141.80453491210938,77.4791030883789
2022-03-28,172.99000549316406,142.77877807617188,75.30567169189453
2022-03-29,176.30007934570312,144.24478149414062,74.90555572509766
2022-03-30,175.12779235839844,143.2519989013672,76.18779754638672
2022-03-31,172.0147247314453,141.77670288085938,75.1056137084961
2022-04-01,171.7191925048828,143.90147399902344,75.58759307861328
2022-04-04,175.78781127929688,142.96437072753906,75.62396240234375
2022-04-05,172.45803833007812,143.4654083251953,75.2329330444336
2022-04-06,169.27606201171875,145.51596069335938,76.06956481933594
2022-04-07,169.5814666748047,147.39950561523438,77.34268951416016
2022-04-08,167.56192016601562,148.550048828125,78.97046661376953
2022-04-11,163.28643798828125,147.98406982421875,76.2514419555664
2022-04-12,165.1680450439453,147.53866577148438,77.84285736083984
2022-04-13,167.86732482910156,147.95623779296875,78.94320678710938
2022-04-14,162.83323669433594,147.13043212890625,79.87077331542969
2022-04-18,162.61654663085938,145.7293701171875,80.52552032470703
2022-04-19,164.91188049316406,147.90982055664062,79.8071060180664
2022-04-20,164.74441528320312,151.8439483642578,79.98898315429688
2022-04-21,163.9464569091797,151.7254180908203,79.14326477050781
2022-04-22,159.38528442382812,150.4564971923828,77.41543579101562
2022-04-25,160.45904541015625,151.66944885253906,74.80552673339844
2022-04-26,154.46942138671875,149.09420776367188,74.83280181884766
2022-04-27,154.2428741455078,148.6929931640625,76.96984100341797
2022-04-28,161.20774841308594,152.47189331054688,79.2978515625
2022-04-29,155.3068084716797,149.8033447265625,77.52456665039062
2022-05-02,155.6122283935547,147.7786102294922,78.57946014404297
2022-05-03,157.10960388183594,145.7538604736328,80.1981430053711
2022-05-04,163.55239868164062,146.8268585205078,83.39006042480469
2022-05-05,154.43988037109375,144.12098693847656,82.12601470947266
2022-05-06,155.1699676513672,145.5579071044922,83.3809814453125
2022-05-09,150.0199737548828,145.19400024414062,76.80615997314453
2022-05-10,152.43710327148438,144.4288787841797,77.31539916992188
2022-05-11,144.5345916748047,142.39483642578125,78.92501068115234
2022-05-12,140.64743041992188,141.8163299560547,79.28329467773438
2022-05-13,145.1363983154297,143.3372039794922,81.6351547241211
2022-05-16,143.58746337890625,144.73680114746094,83.55523681640625
2022-05-17,147.2378387451172,144.3262176513672,84.62091827392578
2022-05-18,138.9307861328125,135.33151245117188,83.27961730957031
2022-05-19,135.50735473632812,132.215087890625,83.72978210449219
2022-05-20,135.7440948486328,132.299072265625,84.39124298095703
2022-05-23,141.19009399414062,135.34085083007812,86.25618743896484
2022-05-24,138.47695922851562,137.7481689453125,86.72472381591797
2022-05-25,138.63482666015625,135.49014282226562,88.47024536132812
2022-05-26,141.85107421875,136.67515563964844,88.78260040283203
2022-05-27,147.63247680664062,138.76519775390625,89.65534973144531
2022-05-31,146.8431854248047,137.98143005371094,88.19463348388672
2022-06-01,146.7149658203125,135.89137268066406,89.88502502441406
2022-06-02,149.18141174316406,137.3562774658203,89.72885131835938
2022-06-03,143.42959594726562,136.12461853027344,91.03340148925781
2022-06-06,144.17942810058594,135.5927734375,90.80372619628906
2022-06-07,146.7149658203125,137.10435485839844,94.96542358398438
2022-06-08,145.97500610351562,135.39682006835938,96.08621215820312
2022-06-09,140.72637939453125,132.95220947265625,94.00997924804688
2022-06-10,135.29029846191406,132.44839477539062,92.29199981689453
2022-06-13,130.11073303222656,128.90269470214844,88.05683135986328
2022-06-14,130.97889709472656,124.8812255859375,88.2864990234375
2022-06-15,133.6130828857422,123.64025115966797,87.17487335205078
2022-06-16,128.3151397705078,124.39603424072266,83.95946502685547
2022-06-17,129.79501342773438,123.50028991699219,79.1179428100586
2022-06-21,134.04722595214844,127.24185943603516,84.04214477539062
2022-06-22,133.53421020507812,129.2292938232422,80.71646881103516
2022-06-23,136.4149932861328,132.77493286132812,78.28192901611328
2022-06-24,139.75953674316406,134.6876983642578,79.83450317382812
2022-06-27,139.75953674316406,133.6613311767578,81.79133605957031
2022-06-28,135.5961456298828,131.4873046875,84.06050872802734
2022-06-29,137.36212158203125,132.68161010742188,80.95533752441406
2022-06-30,134.88580322265625,134.16519165039062,78.67696380615234
2022-07-01,137.06613159179688,136.32989501953125,80.43167877197266
2022-07-05,139.660888671875,135.01426696777344,77.9144515991211
2022-07-06,141.00259399414062,136.27392578125,76.50884246826172
2022-07-07,144.3865966796875,136.2272491455078,78.95258331298828
2022-07-08,145.0673370361328,135.31288146972656,79.08118438720703
2022-07-11,142.9264678955078,136.26458740234375,78.67696380615234
2022-07-12,143.90318298339844,135.06094360351562,77.62965393066406
2022-07-13,143.5381317138672,135.94732666015625,77.94200897216797
2022-07-14,146.47816467285156,135.546142578125,76.38023376464844
2022-07-15,148.15536499023438,135.35952758789062,77.6664047241211
2022-07-18,145.09693908691406,133.7173309326172,79.09956359863281
2022-07-19,148.97421264648438,134.39846801757812,81.09313201904297
2022-07-20,150.98683166503906,132.0751190185547,81.98426818847656
2022-07-21,153.26583862304688,132.2000274658203,80.61538696289062
2022-07-22,152.0227508544922,134.3130645751953,79.99988555908203
2022-07-25,150.8980712890625,135.2239990234375,82.66409301757812
2022-07-26,149.56617736816406,135.48695373535156,82.3425521850586
2022-07-27,154.68655395507812,136.7735595703125,84.12482452392578
2022-07-28,155.23904418945312,139.0462188720703,85.10781860351562
2022-07-29,160.32980346679688,130.4532928466797,89.04901885986328
2022-08-01,159.34323120117188,134.20034790039062,86.7982177734375
2022-08-02,157.86334228515625,133.30821228027344,86.42155456542969
2022-08-03,163.9012451171875,136.05979919433594,83.6195297241211
2022-08-04,163.5855255126953,135.84381103515625,80.1009521484375
2022-08-05,163.35830688476562,135.90956115722656,81.25849914550781
2022-08-08,162.8840789794922,136.4260711669922,81.71782684326172
2022-08-09,162.93345642089844,136.1067657470703,83.22450256347656
2022-08-10,167.2014617919922,137.39337158203125,84.01456451416016
2022-08-11,166.46047973632812,136.4166717529297,86.4449462890625
2022-08-12,170.02700805664062,137.7408447265625,87.19631958007812
2022-08-15,171.10386657714844,139.51577758789062,85.63790893554688
2022-08-16,170.94580078125,140.80238342285156,84.84017181396484
2022-08-17,172.4474639892578,140.1543731689453,85.52659606933594
2022-08-18,172.05230712890625,140.65211486816406,87.54881286621094
2022-08-19,169.45396423339844,140.6145477294922,87.2705307006836
2022-08-22,165.55157470703125,140.2388916015625,87.20559692382812
2022-08-23,165.2156524658203,137.5342254638672,90.90678405761719
2022-08-24,165.51202392578125,136.94259643554688,91.44481658935547
2022-08-25,167.98194885253906,136.8298797607422,91.91790771484375
2022-08-26,161.6491241455078,133.62750244140625,90.78620910644531
2022-08-29,159.4361114501953,133.06399536132812,92.87335968017578
2022-08-30,156.99586486816406,131.6459503173828,89.339111328125
2022-08-31,155.3262481689453,129.54229736328125,88.67123413085938
2022-09-01,156.0573272705078,131.1387939453125,87.07572937011719
2022-09-02,153.93319702148438,128.809814453125,88.67123413085938
2022-09-06,152.6686248779297,127.37297821044922,88.07754516601562
2022-09-07,154.08139038085938,129.29815673828125,87.32618713378906
2022-09-08,152.5994873046875,129.46719360351562,88.04045867919922
2022-09-09,155.4744110107422,131.43934631347656,89.51536560058594
2022-09-12,161.46141052246094,132.5099639892578,90.54502868652344
2022-09-13,151.9869384765625,129.7677001953125,88.4300537109375
2022-09-14,153.43923950195312,130.07763671875,90.60067749023438
2022-09-15,150.53463745117188,129.07276916503906,87.96624755859375
2022-09-16,148.88478088378906,129.86160278320312,86.46349334716797
2022-09-19,152.6192169189453,129.5892791748047,86.45421600341797
2022-09-20,155.01007080078125,129.12911987304688,85.74922180175781
2022-09-21,151.86839294433594,127.46687316894531,84.3670883178711
2022-09-22,150.9001922607422,127.91764831542969,84.01456451416016
2022-09-23,148.61801147460938,127.32600402832031,79.54344177246094
2022-09-26,148.9539337158203,127.44808197021484,77.90156555175781
2022-09-27,149.93199157714844,123.94515991210938,79.53417205810547
2022-09-28,148.03512573242188,123.94515991210938,82.4283447265625
2022-09-29,140.76377868652344,120.86485290527344,82.26136779785156
2022-09-30,136.53530883789062,118.56399536132812,80.99053192138672
2022-10-03,140.73414611816406,120.68640899658203,85.26686096191406
2022-10-04,144.3401641845703,122.17961120605469,88.37439727783203
2022-10-05,144.63653564453125,121.33439636230469,91.94572448730469
2022-10-06,143.67822265625,118.7800064086914,94.67292785644531
2022-10-07,138.40257263183594,116.70453643798828,93.71749114990234
2022-10-10,138.7285614013672,116.2255859375,91.68599700927734
2022-10-11,137.30593872070312,116.66697692871094,90.90678405761719
2022-10-12,136.6736297607422,116.85479736328125,91.30567169189453
2022-10-13,141.26763916015625,118.62035369873047,94.49669647216797
2022-10-14,136.71316528320312,117.46522521972656,92.01066589355469
2022-10-17,140.6946258544922,119.5876235961914,93.33715057373047
2022-10-18,142.0184783935547,120.55492401123047,93.5041275024414
2022-10-19,142.1271514892578,121.6724853515625,96.2777099609375
2022-10-20,141.66281127929688,120.1053237915039,96.40758514404297
2022-10-21,145.49609375,121.609130859375,98.19788360595703
2022-10-24,147.64981079101562,122.35627746582031,98.88433074951172
2022-10-25,150.50497436523438,123.76551818847656,98.21643829345703
2022-10-26,147.55099487304688,124.6356201171875,99.38524627685547
2022-10-27,143.0558319091797,124.7302017211914,99.76557159423828
2022-10-28,153.8640594482422,127.8891372680664,102.68756103515625
2022-10-31,151.4929656982422,127.36895751953125,102.78962707519531
2022-11-01,148.8353729248047,127.56758880615234,103.80999755859375
2022-11-02,143.28305053710938,125.73273468017578,101.67646026611328
2022-11-03,137.2071533203125,124.87208557128906,103.0586166381836
2022-11-04,136.93995666503906,127.15144348144531,104.18103790283203
2022-11-07,137.47433471679688,129.0997314453125,105.41478729248047
2022-11-08,138.04827880859375,129.39292907714844,105.74871826171875
2022-11-09,133.4664764404297,129.080810546875,101.01786041259766
2022-11-10,145.3415985107422,133.52601623535156,102.5020523071289
2022-11-11,148.14215087890625,133.32740783691406,105.70233917236328
2022-11-14,146.73690795898438,133.3368377685547,106.01091003417969
2022-11-15,148.4785919189453,132.87344360351562,106.7215805053711
2022-11-16,147.24159240722656,134.05567932128906,105.5807876586914
2022-11-17,149.15155029296875,133.23281860351562,105.72103118896484
2022-11-18,149.71560668945312,134.8406524658203,104.80465698242188
2022-11-21,146.46974182128906,136.55252075195312,103.76671600341797
2022-11-22,148.61715698242188,137.725341796875,106.7683334350586
2022-11-23,149.49789428710938,138.51031494140625,106.2353286743164
2022-11-25,146.56869506835938,138.7656707763672,105.8613052368164
2022-11-28,142.71917724609375,138.65220642089844,102.6820068359375
2022-11-29,139.70091247558594,137.59291076660156,103.36463165283203
2022-11-30,146.48951721191406,141.07337951660156,104.11268615722656
2022-12-01,146.76661682128906,141.15850830078125,103.60774230957031
2022-12-02,146.27182006835938,142.4447784423828,102.72875213623047
2022-12-05,145.1041259765625,141.00718688964844,99.91414642333984
2022-12-06,141.4228057861328,141.18687438964844,97.13692474365234
2022-12-07,139.4733428955078,142.09483337402344,96.92186737060547
2022-12-08,141.16551208496094,143.11630249023438,97.64187622070312
2022-12-09,140.68064880371094,142.73797607421875,96.81900787353516
2022-12-12,142.9863739013672,144.20394897460938,99.2034683227539
2022-12-13,143.9561767578125,143.98641967773438,100.28816986083984
2022-12-14,141.71971130371094,144.55389404296875,99.54945373535156
2022-12-15,135.07949829101562,142.9176788330078,98.59567260742188
2022-12-16,133.11021423339844,142.2839813232422,97.90370178222656
2022-12-19,130.99249267578125,142.2461395263672,98.34319305419922
2022-12-20,130.92323303222656,142.3029327392578,99.76453399658203
2022-12-21,134.04042053222656,143.6081085205078,101.04560089111328
2022-12-22,130.85394287109375,143.93911743164062,99.00711059570312
2022-12-23,130.48780822753906,144.34580993652344,101.6253662109375
2022-12-27,128.67684936523438,145.60369873046875,103.0373306274414
2022-12-28,124.7283706665039,143.7216033935547,101.34483337402344
2022-12-29,128.26123046875,144.31744384765625,102.1115951538086
2022-12-30,128.57785034179688,143.34326171875,103.14020538330078
2023-01-03,123.7684555053711,143.3527374267578,99.59622955322266
2023-01-04,125.0450439453125,143.97695922851562,99.88609313964844
2023-01-05,123.7189712524414,142.18942260742188,102.12095642089844
2023-01-06,128.2711181640625,145.57533264160156,103.35527038574219
2023-01-09,128.7955780029297,143.79725646972656,101.42898559570312
2023-01-10,129.36956787109375,143.6553955078125,102.9438247680664
2023-01-11,132.10084533691406,142.4920654296875,104.14075469970703
2023-01-12,132.0216827392578,141.68817138671875,105.87065124511719
2023-01-13,133.35763549804688,142.70016479492188,105.80520629882812
2023-01-17,134.5253448486328,142.2839813232422,105.5994873046875
2023-01-18,133.8029327392578,138.47250366210938,103.4300765991211
2023-01-19,133.86231994628906,135.54405212402344,104.09398651123047
2023-01-20,136.43524169921875,136.06747436523438,105.99222564697266
2023-01-23,139.6415557861328,134.2401885986328,105.44050598144531
2023-01-24,141.04676818847656,134.9730224609375,106.42235565185547
2023-01-25,140.38372802734375,134.87782287597656,105.8613052368164
2023-01-26,142.46188354492188,134.33534240722656,110.115966796875
2023-01-27,144.41139221191406,133.78335571289062,108.10551452636719
2023-01-30,141.51187133789062,134.2021026611328,106.18858337402344
2023-01-31,142.78843688964844,135.50596618652344,108.47955322265625
2023-02-01,143.9165496826172,136.27685546875,107.29199981689453
2023-02-02,149.25050354003906,135.3061065673828,103.93502807617188
2023-02-03,152.89219665527344,135.72486877441406,104.655029296875
2023-02-06,150.1510009765625,134.57327270507812,104.47738647460938
2023-02-07,153.04061889648438,133.25990295410156,107.46029663085938
2023-02-08,150.3390350341797,131.8799285888672,106.52521514892578
2023-02-09,149.29995727539062,130.4333038330078,106.92730712890625
2023-02-10,149.66668701171875,131.58485412597656,111.43443298339844
2023-02-13,152.4814453125,133.30751037597656,111.0009765625
2023-02-14,151.8372039794922,132.55563354492188,109.70062255859375
2023-02-15,153.94825744628906,132.2510986328125,109.37083435058594
2023-02-16,152.3426513671875,130.51895141601562,109.05046081542969
2023-02-17,151.1929931640625,133.25039672851562,104.85728454589844
2023-02-21,147.15916442871094,133.1552276611328,104.75363159179688
2023-02-22,147.58534240722656,133.7167510986328,103.39675903320312
2023-02-23,148.0709991455078,133.2884521484375,104.34845733642578
2023-02-24,145.40493774414062,132.5365753173828,104.35787200927734
2023-02-27,146.6041717529297,132.4224090576172,104.16942596435547
2023-02-28,146.0987091064453,130.9186553955078,103.56636047363281
2023-03-01,144.01739501953125,131.0138702392578,104.48979949951172
2023-03-02,144.612060546875,133.1742401123047,104.9703598022461
2023-03-03,149.68650817871094,134.14500427246094,106.2989730834961
2023-03-06,152.46160888671875,133.57398986816406,107.24126434326172
2023-03-07,150.2514190673828,130.9186553955078,105.1682357788086
2023-03-08,151.5101318359375,130.93768310546875,103.63233184814453
2023-03-09,149.2504119873047,129.97647094726562,102.83137512207031
2023-03-10,147.17901611328125,130.5665283203125,101.5593032836914
2023-03-13,149.1314697265625,131.4706573486328,100.390869140625
2023-03-14,151.23263549804688,133.09812927246094,100.76778411865234
2023-03-15,151.6290740966797,134.98252868652344,95.75485229492188
2023-03-16,154.46363830566406,135.99134826660156,95.19889068603516
2023-03-17,153.62120056152344,136.02940368652344,94.07756805419922
2023-03-20,155.9998321533203,138.12318420410156,96.53692626953125
2023-03-21,157.8631134033203,137.1239013671875,100.86199951171875
2023-03-22,156.42601013183594,137.03823852539062,98.55340576171875
2023-03-23,157.5162353515625,136.847900390625,97.4415283203125
2023-03-24,158.82449340820312,139.63644409179688,97.5545883178711
2023-03-27,156.8720245361328,138.90362548828125,99.6935806274414
2023-03-28,156.24758911132812,139.29380798339844,100.9374008178711
2023-03-29,159.33985900878906,139.7220916748047,102.67118835449219
2023-03-30,160.91571044921875,140.3311767578125,103.17059326171875
2023-03-31,163.43312072753906,141.51132202148438,103.3307876586914
2023-04-03,164.69180297851562,142.29171752929688,109.42735290527344
2023-04-04,164.15664672851562,142.97695922851562,108.38143157958984
2023-04-05,162.3032684326172,143.95724487304688,110.23772430419922
2023-04-06,163.1952667236328,144.8708953857422,108.40969848632812
2023-04-10,160.58865356445312,143.6717529296875,107.92912292480469
2023-04-11,159.36961364746094,143.38621520996094,108.69237518310547
2023-04-12,158.6758270263672,143.77642822265625,108.57931518554688
2023-04-13,164.08724975585938,144.442626953125,109.088134765625
2023-04-14,163.74038696289062,143.7097930908203,109.35198974609375
2023-04-17,163.7601776123047,143.7574005126953,108.07989501953125
2023-04-18,164.98916625976562,143.90966796875,110.19062042236328
2023-04-19,166.13885498046875,143.938232421875,109.84196472167969
2023-04-20,165.1675567626953,144.4658966064453,108.96564483642578
2023-04-21,163.55206298828125,149.46498107910156,109.31430053710938
2023-04-24,163.8592987060547,149.73313903808594,111.37788391113281
2023-04-25,162.31317138671875,149.7714385986328,109.79485321044922
2023-04-26,162.3032684326172,148.0380401611328,108.78661346435547
2023-04-27,166.91189575195312,149.84803771972656,110.08695983886719
2023-04-28,168.1706085205078,149.76187133789062,111.50980377197266
2023-05-01,168.08140563964844,149.94383239746094,108.05162811279297
2023-05-02,167.04075622558594,149.8097381591797,103.74539947509766
2023-05-03,165.96043395996094,149.6182098388672,101.70063781738281
2023-05-04,164.31520080566406,148.9286651611328,99.91973114013672
2023-05-05,172.0260009765625,149.4266815185547,102.40735626220703
2023-05-08,171.95660400390625,148.72756958007812,102.81254577636719
2023-05-09,170.2420196533203,147.20486450195312,102.84080505371094
2023-05-10,172.01608276367188,147.5113067626953,101.5216064453125
2023-05-11,172.2043914794922,147.85604858398438,99.68415069580078
2023-05-12,171.27146911621094,149.35964965820312,99.67473602294922
2023-05-15,170.77523803710938,149.4075164794922,99.86482238769531
2023-05-16,170.77523803710938,149.14892578125,97.44114685058594
2023-05-17,171.3905792236328,148.51687622070312,99.627197265625
2023-05-18,173.73280334472656,146.07479858398438,100.53013610839844
2023-05-19,173.84197998046875,146.68771362304688,100.99586486816406
2023-05-22,172.88919067382812,142.847412109375,99.76978302001953
2023-05-23,170.26905822753906,141.30555725097656,101.12894439697266
2023-05-24,170.54696655273438,140.13717651367188,102.25997161865234
2023-05-25,171.68832397460938,139.23695373535156,100.42559814453125
2023-05-26,174.1099395751953,139.24652099609375,99.76978302001953
2023-05-30,175.9658660888672,137.1204833984375,98.8858413696289
2023-05-31,175.91627502441406,136.46925354003906,97.11799621582031
2023-06-01,178.73486328125,137.8674774169922,98.23954010009766
2023-06-02,179.58839416503906,140.31915283203125,100.52064514160156
2023-06-05,178.2287139892578,139.76368713378906,100.07392120361328
2023-06-06,177.8615264892578,138.3750762939453,100.89131927490234
2023-06-07,176.4819793701172,138.67193603515625,103.15341186523438
2023-06-08,179.21127319335938,140.2425079345703,102.83025360107422
2023-06-09,179.5983428955078,140.35743713378906,102.06989288330078
2023-06-12,182.4070281982422,139.256103515625,101.14794158935547
2023-06-13,181.93064880371094,138.92092895507812,101.16694641113281
2023-06-14,182.5658416748047,140.22337341308594,99.95036315917969
2023-06-15,184.61033630371094,142.16746520996094,100.64419555664062
2023-06-16,183.52853393554688,143.21133422851562,99.92183685302734
2023-06-20,183.61785888671875,141.8897247314453,97.6312484741211
2023-06-21,182.57577514648438,143.11557006835938,98.72427368164062
2023-06-22,185.5928955078125,143.60398864746094,98.18251037597656
2023-06-23,185.27529907226562,142.17706298828125,97.32708740234375
2023-06-26,183.87591552734375,142.3206787109375,99.12345886230469
2023-06-27,186.6448974609375,143.67100524902344,99.37059020996094
2023-06-28,187.82595825195312,143.64230346679688,100.17847442626953
2023-06-29,188.16339111328125,143.05810546875,101.41407775878906
2023-06-30,192.5104217529297,145.3182373046875,101.93682098388672
2023-07-03,191.01182556152344,146.0460662841797,102.13642120361328
2023-07-05,189.8903045654297,145.7970733642578,101.61367797851562
2023-07-06,190.36669921875,145.55764770507812,97.82133483886719
2023-07-07,189.2451934814453,142.50265502929688,98.04944610595703
2023-07-10,187.19076538085938,142.56011962890625,99.50364685058594
2023-07-11,186.6647491455078,141.81314086914062,100.72023010253906
2023-07-12,188.342041015625,142.55055236816406,101.2144775390625
2023-07-13,189.1062469482422,142.6462860107422,99.36106872558594
2023-07-14,189.255126953125,143.6997528076172,95.93942260742188
2023-07-17,192.53030395507812,142.6846160888672,96.35761260986328
2023-07-18,192.27224731445312,142.9527587890625,95.92040252685547
2023-07-19,193.6319580078125,143.92958068847656,96.58573150634766
2023-07-20,191.67677307128906,145.09664916992188,98.28706359863281
2023-07-21,190.4957275390625,147.38063049316406,98.74327087402344
2023-07-24,191.2996368408203,147.85289001464844,100.29252624511719
2023-07-25,192.16305541992188,148.19981384277344,100.4446029663086
2023-07-26,193.0364532470703,148.35400390625,99.88382720947266
2023-07-27,191.76609802246094,146.59039306640625,100.19747161865234
2023-07-28,194.3564453125,150.734375,98.9999008178711
2023-07-31,194.97177124023438,150.62838745117188,101.92733001708984
2023-08-01,194.1381072998047,150.58018493652344,101.3380355834961
2023-08-02,191.1309051513672,150.90785217285156,100.07392120361328
2023-08-03,189.73150634765625,151.30294799804688,101.81327056884766
2023-08-04,180.62060546875,149.6453857421875,102.09840393066406
2023-08-07,177.5042266845703,151.22586059570312,101.88929748535156
2023-08-08,178.44705200195312,151.3896942138672,102.3930435180664
2023-08-09,176.8491973876953,151.1969451904297,104.13238525390625
2023-08-10,176.63084411621094,150.44525146484375,104.6646499633789
2023-08-11,176.6904754638672,151.32223510742188,106.28993225097656
2023-08-14,178.3501434326172,150.13685607910156,106.3754653930664
2023-08-15,176.3525848388672,149.1731719970703,103.64445495605469
2023-08-16,175.47802734375,147.65049743652344,101.90043640136719
2023-08-17,172.9239044189453,146.59039306640625,103.87442779541016
2023-08-18,173.410888671875,147.00479125976562,105.44595336914062
2023-08-21,174.7525177001953,146.2627410888672,104.17150115966797
2023-08-22,176.1339111328125,146.320556640625,103.58695983886719
2023-08-23,179.9998779296875,147.6890411376953,102.67662048339844
2023-08-24,175.2891845703125,147.00479125976562,101.91001892089844
2023-08-25,177.50540161132812,147.968505859375,103.73069763183594
2023-08-28,179.0756378173828,148.19981384277344,104.60270690917969
2023-08-29,182.9813232421875,148.28652954101562,105.2255630493164
2023-08-30,186.48948669433594,148.45034790039062,106.25090026855469
2023-08-31,186.7081298828125,148.73948669433594,106.54795837402344
2023-09-01,188.28831481933594,148.90330505371094,108.78067016601562
2023-09-05,188.5268096923828,146.90841674804688,108.79026794433594
2023-09-06,181.77880859375,146.6193084716797,109.72933959960938
2023-09-07,176.46188354492188,148.0166778564453,109.1927261352539
2023-09-08,177.07803344726562,147.38063049316406,110.7834243774414
2023-09-11,178.25074768066406,149.1345977783203,109.39395904541016
2023-09-12,175.20968627929688,146.5133056640625,112.5849380493164
2023-09-13,173.1326141357422,147.5348358154297,111.57878112792969
2023-09-14,174.6531524658203,149.15386962890625,113.57192993164062
2023-09-15,173.92764282226562,147.90103149414062,111.82791137695312
2023-09-18,176.86935424804688,148.4600067138672,112.72867584228516
2023-09-19,177.96253967285156,148.02633666992188,112.4316177368164
2023-09-20,174.4047088623047,147.90103149414062,111.54044342041016
2023-09-21,172.85433959960938,146.6193084716797,109.96891021728516
2023-09-22,173.70901489257812,146.07965087890625,110.14139556884766
2023-09-25,174.9910430908203,145.19300842285156,111.37753295898438
2023-09-26,170.8965301513672,143.90164184570312,111.5500259399414
2023-09-27,169.3759765625,141.9934844970703,115.18179321289062
2023-09-28,169.63438415527344,141.02976989746094,114.4822769165039
2023-09-29,170.1511688232422,140.56719970703125,112.67117309570312
2023-10-02,172.67544555664062,139.9215087890625,110.8025894165039
2023-10-03,171.3337860107422,140.2106170654297,110.99423217773438
2023-10-04,172.58599853515625,140.67320251464844,106.84500885009766
2023-10-05,173.8282928466797,138.5819549560547,104.4397964477539
2023-10-06,176.392333984375,138.86141967773438,102.69578552246094
2023-10-09,177.88304138183594,138.1579132080078,106.28923034667969
2023-10-10,177.28675842285156,139.52638244628906,105.83883666992188
2023-10-11,178.6880340576172,137.8109893798828,102.04417419433594
2023-10-12,179.5924072265625,138.11936950683594,102.02501678466797
2023-10-13,177.74392700195312,139.4396514892578,105.28306579589844
2023-10-16,177.61471557617188,140.76959228515625,105.35972595214844
2023-10-17,176.05441284179688,140.9526824951172,106.7396011352539
2023-10-18,174.7525177001953,144.58587646484375,108.2344741821289
2023-10-19,174.3748779296875,143.772216796875,108.30155944824219
2023-10-20,171.8108367919922,143.57826232910156,106.44255065917969
2023-10-23,171.93008422851562,143.67523193359375,104.8805923461914
2023-10-24,172.3673858642578,145.37237548828125,103.86485290527344
2023-10-25,170.04185485839844,146.05125427246094,104.0564956665039
2023-10-26,165.85787963867188,145.27542114257812,103.10783386230469
2023-10-27,167.17965698242188,142.71514892578125,101.14341735839844
2023-10-30,169.23684692382812,144.75169372558594,101.45963287353516
2023-10-31,169.71388244628906,145.4984588623047,101.4308853149414
2023-11-01,172.89410400390625,145.09115600585938,101.22966003417969
2023-11-02,176.47183227539062,146.86585998535156,104.55479431152344
2023-11-03,175.55752563476562,145.53726196289062,103.28031158447266
2023-11-06,178.12156677246094,146.3809814453125,101.45005798339844
2023-11-07,180.695556640625,146.04153442382812,99.85935974121094
2023-11-08,181.7589111328125,145.4790496826172,98.63280487060547
2023-11-09,181.2819061279297,145.8087921142578,98.66154479980469
2023-11-10,185.49127197265625,146.83677673339844,99.41856384277344
2023-11-13,183.89906311035156,147.85507202148438,100.46305847167969
2023-11-14,186.5261993408203,147.5253143310547,100.84986877441406
2023-11-15,187.09341430664062,146.84645080566406,100.24064636230469
2023-11-16,188.78514099121094,148.21388244628906,99.08023071289062
2023-11-17,188.76524353027344,146.50706481933594,101.49775695800781
2023-11-20,190.5166473388672,145.73121643066406,101.05294036865234
2023-11-21,189.71060180664062,145.09115600585938,101.0142593383789
2023-11-22,190.37733459472656,146.45855712890625,100.57910919189453
2023-11-24,189.0438690185547,146.8076934814453,101.1206283569336
2023-11-27,188.86473083496094,146.67193603515625,100.53074645996094
2023-11-28,189.47177124023438,147.690185546875,100.47273254394531
2023-11-29,188.44679260253906,146.5652313232422,98.96419525146484
2023-11-30,189.02395629882812,148.88304138183594,99.35099029541016
2023-12-01,190.30767822265625,148.0490264892578,99.5927505493164
2023-12-04,188.50648498535156,147.46713256835938,99.05121612548828
2023-12-05,192.47705078125,142.32720947265625,97.12686920166016
2023-12-06,191.38243103027344,142.2205352783203,95.84073638916016
2023-12-07,193.32290649414062,142.0750732421875,95.17349243164062
2023-12-08,194.75588989257812,140.765869140625,96.26622009277344
2023-12-11,192.23822021484375,141.41561889648438,96.33391571044922
2023-12-12,193.76077270507812,141.53199768066406,94.8156967163086
2023-12-13,196.9949188232422,144.09225463867188,95.65699768066406
2023-12-14,197.14418029785156,140.2906494140625,98.22926330566406
2023-12-15,196.6068115234375,139.61180114746094,97.57169342041016
2023-12-18,194.9350128173828,141.7550506591797,98.29695129394531
2023-12-19,195.97988891601562,141.7550506591797,99.5927505493164
2023-12-20,193.88018798828125,139.5633087158203,97.92947387695312
2023-12-21,193.7308807373047,139.90272521972656,98.37431335449219
2023-12-22,192.6561737060547,140.89193725585938,98.54838562011719
2023-12-26,192.10885620117188,141.53199768066406,98.77078247070312
2023-12-27,192.20835876464844,141.6483612060547,98.3066177368164
2023-12-28,192.63626098632812,141.32833862304688,96.8851089477539
2023-12-29,191.5913848876953,142.11386108398438,96.68203735351562
2024-01-02,184.73497009277344,144.2474365234375,98.98352813720703
2024-01-03,183.35174560546875,143.37460327148438,99.8151626586914
2024-01-04,181.02316284179688,144.16012573242188,98.9448471069336
2024-01-05,180.29672241210938,142.96730041503906,99.24462890625
2024-01-08,184.65536499023438,144.19891357421875,97.59101867675781
2024-01-09,184.23741149902344,144.79051208496094,96.38226318359375
2024-01-10,185.28231811523438,145.41116333007812,95.4345932006836
2024-01-11,184.6852264404297,145.9639434814453,95.41524505615234
2024-01-12,185.01361083984375,146.05125427246094,96.65302276611328
2024-01-16,182.73477172851562,145.2657012939453,94.46758270263672
2024-01-17,181.78939819335938,145.41116333007812,93.781005859375
2024-01-18,187.7104034423828,144.57284545898438,93.60694122314453
2024-01-19,190.6260986328125,144.01658630371094,93.75198364257812
2024-01-22,192.9447479248047,144.29959106445312,93.62627410888672
2024-01-23,194.2284698486328,150.272216796875,94.6803207397461
2024-01-24,193.55177307128906,148.45701599121094,96.31458282470703
2024-01-25,193.22340393066406,151.8727569580078,98.76111602783203
2024-01-26,191.48191833496094,152.38021850585938,99.6024169921875
2024-01-29,190.79527282714844,152.39974975585938,99.7281265258789
2024-01-30,187.12327575683594,153.6977081298828,101.39138793945312
2024-01-31,183.5010223388672,153.35614013671875,99.41868591308594
2024-02-01,185.9490509033203,155.34701538085938,99.01254272460938
2024-02-02,184.94395446777344,154.2832794189453,98.60639190673828
2024-02-05,186.76502990722656,154.400390625,98.20025634765625
2024-02-06,188.37713623046875,155.13232421875,98.87715911865234
2024-02-07,188.48660278320312,155.28846740722656,98.84814453125
2024-02-08,187.40191650390625,154.82000732421875,100.54042053222656
2024-02-09,188.1691436767578,153.62940979003906,98.41299438476562
2024-02-12,186.4752655029297,153.3268585205078,99.76681518554688
2024-02-13,184.37286376953125,152.50709533691406,98.90792846679688
2024-02-14,183.48606872558594,151.8825225830078,98.419921875
2024-02-15,183.19712829589844,153.22926330566406,101.24057006835938
2024-02-16,181.65269470214844,153.71722412109375,101.24057006835938
2024-02-20,180.90541076660156,154.69314575195312,100.28408813476562
2024-02-21,181.66268920898438,156.53762817382812,102.33369445800781
2024-02-22,183.7052764892578,156.6938018798828,102.24585723876953
2024-02-23,181.86195373535156,157.1524658203125,101.34793090820312
2024-02-26,180.50686645507812,156.3619842529297,101.74809265136719
2024-02-27,181.9715576171875,155.46412658691406,101.53337097167969
2024-02-28,180.7659149169922,156.19607543945312,101.81641387939453
2024-02-29,180.09832763671875,155.11280822753906,102.01161193847656
2024-03-01,179.0122833251953,155.0249786376953,103.2999267578125
2024-03-04,174.4687042236328,155.71786499023438,101.85545349121094
2024-03-05,169.5066680908203,155.48365783691406,103.104736328125
2024-03-06,168.51025390625,155.72763061523438,104.20761108398438
2024-03-07,168.3907012939453,156.75233459472656,104.79322052001953
2024-03-08,170.11444091796875,156.48886108398438,105.77896881103516
2024-03-11,172.12718200683594,157.65994262695312,106.40361022949219
2024-03-12,172.60543823242188,158.0308074951172,105.72041320800781
2024-03-13,170.51303100585938,158.39190673828125,106.90137481689453
2024-03-14,172.37628173828125,157.61114501953125,108.7948226928711
2024-03-15,171.99765014648438,157.49404907226562,108.599609375
2024-03-18,173.0936737060547,157.3281707763672,109.60490417480469
2024-03-19,175.44517517089844,157.93319702148438,110.37593078613281
2024-03-20,178.02584838867188,158.08937072753906,110.27833557128906
2024-03-21,170.7521514892578,157.9624786376953,110.7663345336914
2024-03-22,171.65887451171875,157.76730346679688,110.7663345336914
2024-03-25,170.23403930664062,156.33270263671875,111.89849853515625
2024-03-26,169.09815979003906,156.68405151367188,111.05913543701172
2024-03-27,172.68515014648438,158.6944122314453,112.21082305908203
2024-03-28,170.86175537109375,158.3430938720703,113.4503402709961
2024-04-01,169.4169921875,156.7133026123047,114.18234252929688
2024-04-02,168.23126220703125,156.7035675048828,116.4173812866211
2024-04-03,169.03834533691406,152.3899688720703,116.43690490722656
2024-04-04,168.21136474609375,151.7068328857422,116.84683227539062
2024-04-05,168.96859741210938,152.3411865234375,118.45722198486328
2024-04-08,167.84268188476562,152.28262329101562,117.65690612792969
2024-04-09,169.0582733154297,152.88771057128906,118.27178192138672
2024-04-10,167.1750946044922,153.4537353515625,119.2673110961914
2024-04-11,174.40892028808594,152.08743286132812,118.86714935302734
2024-04-12,175.91348266601562,151.5897216796875,117.48123168945312
2024-04-15,172.0673828125,151.7068328857422,116.80778503417969
2024-04-16,168.7693328857422,152.19480895996094,115.841552734375
2024-04-17,167.39430236816406,153.1804962158203,115.78298950195312
2024-04-18,166.43775939941406,154.49371337890625,115.67562103271484
2024-04-19,164.40512084960938,155.32859802246094,117.00298309326172
2024-04-22,165.24208068847656,157.68594360351562,117.66666412353516
2024-04-23,166.29824829101562,158.6288604736328,118.12538146972656
2024-04-24,168.41062927246094,159.7093048095703,118.14490509033203
2024-04-25,169.27749633789062,159.6602020263672,118.41818237304688
2024-04-26,168.6896209716797,158.42259216308594,115.12906646728516
2024-04-29,172.8744659423828,158.78602600097656,116.76874542236328
2024-04-30,169.71591186523438,160.29864501953125,115.4316177368164
2024-05-01,168.6896209716797,160.49508666992188,113.2453842163086
2024-05-02,172.40615844726562,160.92726135253906,113.4503402709961
2024-05-03,182.71884155273438,161.5362548828125,113.21610260009766
2024-05-06,181.0548858642578,161.51661682128906,113.94810485839844
2024-05-07,181.74237060546875,162.81312561035156,113.38201904296875
2024-05-08,182.08116149902344,162.13539123535156,113.36251068115234
2024-05-09,183.90457153320312,163.08815002441406,115.59754943847656
2024-05-10,182.63742065429688,163.88375854492188,115.12906646728516
2024-05-13,185.8601531982422,162.92117309570312,115.08026123046875
2024-05-14,187.00755310058594,162.81312561035156,115.77885437011719
2024-05-15,189.2924041748047,163.54978942871094,116.67423248291016
2024-05-16,189.41212463378906,164.87579345703125,115.97563934326172
2024-05-17,189.4420623779297,164.65972900390625,117.7171859741211
2024-05-20,190.6094207763672,164.3355712890625,116.76277923583984
2024-05-21,191.91647338867188,165.3571014404297,115.9559555053711
2024-05-22,190.46974182128906,164.82667541503906,113.62405395507812
2024-05-23,186.45880126953125,162.5479278564453,111.68570709228516
2024-05-24,189.5518035888672,162.39077758789062,111.59716033935547
2024-05-28,189.56179809570312,160.2102508544922,113.0140151977539
2024-05-29,189.86111450195312,158.7761993408203,111.80377960205078
2024-05-30,190.85885620117188,159.68966674804688,112.15799713134766
2024-05-31,191.8166961669922,161.6148223876953,115.37545013427734
2024-06-03,193.59266662597656,161.7228546142578,112.610595703125
2024-06-04,193.91195678710938,164.04090881347656,110.85921478271484
2024-06-05,195.42852783203125,163.0979766845703,111.30198669433594
2024-06-06,194.04165649414062,165.47494506835938,112.13832092285156
2024-06-07,196.4462432861328,164.0900115966797,110.93792724609375
2024-06-10,192.68472290039062,164.3748779296875,111.26261901855469
2024-06-11,206.68310546875,164.50254821777344,110.36724853515625
2024-06-12,212.58978271484375,162.2434539794922,109.14717864990234
2024-06-13,213.75714111328125,163.4515838623047,108.271484375
2024-06-14,212.01107788085938,163.82481384277344,107.3564224243164
2024-06-17,216.18165588378906,164.52220153808594,106.61847686767578
2024-06-18,213.8070068359375,165.56333923339844,107.62208557128906
2024-06-20,209.20741271972656,164.68917846679688,109.94415283203125
2024-06-21,207.02235412597656,165.2686767578125,108.97991180419922
2024-06-24,207.67086791992188,165.45530700683594,112.21703338623047
2024-06-25,208.59878540039062,163.88375854492188,112.53189086914062
2024-06-26,212.7693634033203,164.47308349609375,112.57125091552734
2024-06-27,213.61746215820312,163.65785217285156,113.0533676147461
2024-06-28,210.14527893066406,161.98806762695312,113.26983642578125
2024-07-01,216.261474609375,159.8271942138672,113.1124038696289
2024-07-02,219.77354431152344,160.98619079589844,112.34494018554688
2024-07-03,221.0506591796875,160.91744995117188,112.9156265258789
2024-07-05,225.82984924316406,162.27291870117188,111.54796600341797
2024-07-08,227.30653381347656,163.5596160888672,110.37709045410156
2024-07-09,228.16458129882812,162.7149200439453,109.15702056884766
2024-07-10,232.4548797607422,163.8346405029297,110.12126159667969
2024-07-11,227.05709838867188,162.59703063964844,111.42988586425781
2024-07-12,230.0203857421875,163.6480255126953,111.44956970214844
2024-07-15,233.87168884277344,161.65411376953125,113.35839080810547
2024-07-16,234.29075622558594,163.9819793701172,114.175048828125
2024-07-17,228.3641357421875,166.42771911621094,115.74933624267578
2024-07-18,223.67471313476562,165.44549560546875,116.89070129394531
2024-07-19,223.80442810058594,165.9662322998047,114.2045669555664
2024-07-22,223.45523071289062,166.25279235839844,113.41741943359375
2024-07-23,224.5028533935547,164.6421356201172,111.58731842041016
2024-07-24,218.04742431640625,166.00576782226562,113.16160583496094
2024-07-25,216.99981689453125,164.91880798339844,115.54270935058594
2024-07-26,217.46875,167.1025848388672,115.4443130493164
2024-07-29,217.7481231689453,167.912841796875,114.23408508300781
2024-07-30,218.30685424804688,159.78054809570312,116.27081298828125
2024-07-31,221.5794677734375,158.8516845703125,116.68406677246094
2024-08-01,217.8678436279297,163.72317504882812,115.07041931152344
2024-08-02,219.3644561767578,168.06106567382812,115.00154876708984
2024-08-05,208.79833984375,166.06504821777344,112.92545318603516
2024-08-06,206.76292419433594,166.09469604492188,112.32527160644531
2024-08-07,209.34710693359375,168.0017852783203,113.82083892822266
2024-08-08,212.8292236328125,168.84169006347656,115.99531555175781
2024-08-09,215.7526397705078,168.51560974121094,116.93988800048828
2024-08-12,217.2909393310547,164.8298797607422,117.08747863769531
2024-08-13,221.02682495117188,165.30418395996094,115.96580505371094
2024-08-14,221.47633361816406,166.7962646484375,117.03828430175781
2024-08-15,224.47303771972656,165.92669677734375,117.76233673095703
2024-08-16,225.80157470703125,165.89706420898438,117.20689392089844
2024-08-19,225.64175415039062,166.4207763671875,117.56395721435547
2024-08-20,226.2610626220703,168.38714599609375,113.64615631103516
2024-08-21,226.15118408203125,168.14012145996094,112.92210388183594
2024-08-22,224.2832489013672,168.13023376464844,113.79493713378906
2024-08-23,226.5906982421875,167.161865234375,115.3719711303711
2024-08-26,226.93032836914062,168.32786560058594,117.8416748046875
2024-08-27,227.77938842773438,167.2409210205078,116.72088623046875
2024-08-28,226.2410888671875,167.0531768798828,115.57034301757812
2024-08-29,229.53746032714844,168.01165771484375,117.16722106933594
2024-08-30,228.7483367919922,169.50372314453125,116.97877502441406
2024-09-03,222.52517700195312,172.4483642578125,114.52890014648438
2024-09-04,220.6072998046875,173.81198120117188,113.1303939819336
2024-09-05,222.13560485839844,173.3870849609375,112.24764251708984
2024-09-06,220.57733154296875,173.5056610107422,111.72196197509766
2024-09-09,220.66722106933594,173.97007751464844,114.0726547241211
2024-09-10,219.86810302734375,175.67953491210938,109.91680145263672
2024-09-11,222.41529846191406,171.85548400878906,108.82576751708984
2024-09-12,222.52517700195312,171.41082763671875,110.3234634399414
2024-09-13,222.25547790527344,172.0135955810547,110.24411010742188
2024-09-16,216.082275390625,175.13607788085938,111.79139709472656
2024-09-17,216.55174255371094,173.792236328125,113.2494125366211
2024-09-18,220.4474639892578,171.85548400878906,113.64615631103516
2024-09-19,228.61846923828125,169.50372314453125,115.05458068847656
2024-09-20,227.94920349121094,172.1519317626953,114.33052825927734
2024-09-23,226.2211151123047,171.707275390625,116.40349578857422
2024-09-24,227.1201171875,171.18356323242188,116.09602355957031
2024-09-25,226.1212158203125,170.21517944335938,113.83460235595703
2024-09-26,227.26995849609375,171.15391540527344,111.88066864013672
2024-09-27,227.53965759277344,171.48988342285156,114.87604522705078
2024-09-30,232.7439422607422,171.14402770996094,116.26464080810547
2024-10-01,225.96141052246094,170.98593139648438,118.95255279541016
2024-10-02,226.53077697753906,169.8792266845703,120.52958679199219
2024-10-03,225.42198181152344,168.1005859375,121.5809555053711
2024-10-04,226.55075073242188,166.8753204345703,123.81261444091797
2024-10-07,221.4463653564453,165.13619995117188,124.34822082519531
2024-10-08,225.52188110351562,166.1638641357422,121.04535675048828
2024-10-09,229.28773498535156,167.26068115234375,121.09494018554688
2024-10-10,228.7882843017578,166.94447326660156,122.13639068603516
2024-10-11,227.2999267578125,169.05906677246094,122.6025619506836
2024-10-14,231.04580688476562,170.46221923828125,123.06873321533203
2024-10-15,233.59300231933594,171.5096435546875,119.36912536621094
2024-10-16,231.5252685546875,170.33377075195312,119.67660522460938
2024-10-17,231.89486694335938,170.23495483398438,119.36912536621094
2024-10-18,234.74172973632812,170.24191284179688,119.03189849853516
2024-10-21,236.22010803222656,168.512451171875,119.10133361816406
2024-10-22,235.60079956054688,168.67147827148438,119.71627044677734
2024-10-23,230.5063934326172,168.55221557617188,119.28977966308594
2024-10-24,230.31661987304688,168.5919647216797,118.61531829833984
2024-10-25,231.1556854248047,167.20045471191406,118.5161361694336
2024-10-28,233.14349365234375,168.27391052246094,117.93094635009766
2024-10-29,233.41319274902344,166.1568145751953,116.32415008544922
2024-10-30,229.8471221923828,165.15293884277344,115.73896026611328
2024-10-31,225.66172790527344,164.1788787841797,115.8282241821289
2024-11-01,222.66502380371094,164.099365234375,114.01313781738281
2024-11-04,221.76600646972656,164.07948303222656,117.643310546875
2024-11-05,223.2044219970703,164.75535583496094,117.9904556274414
2024-11-06,222.47523498535156,160.07391357421875,120.01383209228516
2024-11-07,227.22999572753906,162.41961669921875,120.16261291503906
2024-11-08,226.9600067138672,166.6935577392578,120.12293243408203
2024-11-11,224.22999572753906,165.0237274169922,119.48815155029297
2024-11-12,224.22999572753906,164.83486938476562,119.36912536621094
2024-11-13,225.1199951171875,165.57040405273438,120.4800033569336
2024-11-14,228.22000122070312,166.06736755371094,120.55999755859375
2024-11-15,225.0,168.512451171875,119.30999755859375
2024-11-18,228.02000427246094,169.71511840820312,120.30999755859375
2024-11-19,228.27999877929688,169.7250518798828,118.62999725341797
2024-11-20,229.0,169.85427856445312,120.31999969482422
2024-11-21,228.52000427246094,171.7030029296875,121.93000030517578
2024-11-22,229.8699951171875,175.21160888671875,121.79000091552734
2024-11-25,232.8699951171875,176.31488037109375,119.97000122070312
2024-11-26,235.05999755859375,178.22323608398438,117.97000122070312
2024-11-27,234.92999267578125,178.27293395996094,117.66000366210938
2024-11-29,237.3300018310547,178.1735382080078,117.95999908447266
2024-12-02,239.58999633789062,178.61087036132812,117.8499984741211
2024-12-03,242.64999389648438,174.3568115234375,117.66999816894531
2024-12-04,243.00999450683594,174.04869079589844,114.27999877929688
2024-12-05,243.0399932861328,174.96311950683594,114.77999877929688
2024-12-06,242.83999633789062,172.7665252685547,113.56999969482422
2024-12-09,246.75,169.75486755371094,112.9000015258789
2024-12-10,247.77000427246094,171.23585510253906,112.66999816894531
2024-12-11,246.49000549316406,169.59585571289062,111.91999816894531
2024-12-12,247.9600067138672,169.8145294189453,111.81999969482422
2024-12-13,248.1300048828125,170.0232391357422,110.83999633789062
2024-12-16,251.0399932861328,170.10275268554688,108.47000122070312
2024-12-17,253.47999572753906,169.29766845703125,108.01000213623047
2024-12-18,248.0500030517578,168.0552520751953,106.41999816894531
2024-12-19,249.7899932861328,168.16458129882812,105.51000213623047
2024-12-20,254.49000549316406,167.0414276123047,105.87000274658203
2024-12-23,255.27000427246094,167.09112548828125,106.30000305175781
2024-12-24,258.20001220703125,167.9160919189453,106.4000015258789
2024-12-26,259.0199890136719,169.1287078857422,106.48999786376953
2024-12-27,255.58999633789062,168.5025177001953,106.4800033569336
2024-12-30,252.1999969482422,166.07730102539062,105.76000213623047
2024-12-31,250.4199981689453,166.6339111328125,107.56999969482422
2025-01-02,243.85000610351562,164.97402954101562,107.30999755859375
2025-01-03,243.36000061035156,164.12918090820312,107.86000061035156
2025-01-06,245.0,159.62664794921875,107.73999786376953
2025-01-07,242.2100067138672,160.32240295410156,108.75
2025-01-08,242.6999969482422,161.1175537109375,106.93000030517578
2025-01-10,236.85000610351562,157.5989990234375,106.54000091552734
2025-01-13,234.39999389648438,157.87730407714844,109.29000091552734
2025-01-14,233.27999877929688,158.7718505859375,109.72000122070312
2025-01-15,237.8699951171875,158.68238830566406,111.51000213623047
2025-01-16,228.25999450683594,159.52725219726562,111.31999969482422
2025-01-17,229.97999572753906,160.15342712402344,112.31999969482422
2025-01-21,222.63999938964844,160.73985290527344,111.47000122070312
2025-01-22,223.8300018310547,163.74154663085938,109.52999877929688
2025-01-23,223.66000366210938,165.1429901123047,110.1500015258789
2025-01-24,222.77999877929688,164.1199951171875,108.66000366210938
2025-01-27,229.86000061035156,169.66000366210938,110.16999816894531
2025-01-28,238.25999450683594,166.19000244140625,108.04000091552734
2025-01-29,239.36000061035156,166.22999572753906,108.66999816894531
2025-01-30,237.58999633789062,167.41000366210938,109.56999969482422
2025-01-31,236.0,165.99000549316406,106.83000183105469
